id,Match,Team,OddWin,Date
31/10/2021Atlanta Hawks - Washington Wizards,Atlanta Hawks - Washington Wizards,Atlanta Hawks,1.45,31/10/2021
31/10/2021Atlanta Hawks - Washington Wizards,Atlanta Hawks - Washington Wizards,Washington Wizards,2.68,31/10/2021
31/10/2021Brooklyn Nets - Detroit Pistons,Brooklyn Nets - Detroit Pistons,Brooklyn Nets,1.1,31/10/2021
31/10/2021Brooklyn Nets - Detroit Pistons,Brooklyn Nets - Detroit Pistons,Detroit Pistons,6.55,31/10/2021
31/10/2021Charlotte Hornets - Portland Trail Blazers,Charlotte Hornets - Portland Trail Blazers,Charlotte Hornets,2.06,31/10/2021
31/10/2021Charlotte Hornets - Portland Trail Blazers,Charlotte Hornets - Portland Trail Blazers,Portland Trail Blazers,1.77,31/10/2021
31/10/2021LA Clippers - Oklahoma City Thunder,LA Clippers - Oklahoma City Thunder,Oklahoma City Thunder,5.9,31/10/2021
31/10/2021LA Clippers - Oklahoma City Thunder,LA Clippers - Oklahoma City Thunder,LA Clippers,1.12,31/10/2021
31/10/2021Los Angeles Lakers - Brooklyn Nets,Los Angeles Lakers - Brooklyn Nets,Brooklyn Nets,1.92,31/10/2021
31/10/2021Los Angeles Lakers - Brooklyn Nets,Los Angeles Lakers - Brooklyn Nets,Los Angeles Lakers,1.82,31/10/2021
31/10/2021Los Angeles Lakers - Houston Rockets,Los Angeles Lakers - Houston Rockets,Los Angeles Lakers,1.15,31/10/2021
31/10/2021Los Angeles Lakers - Houston Rockets,Los Angeles Lakers - Houston Rockets,Houston Rockets,5.35,31/10/2021
31/10/2021Memphis Grizzlies - Denver Nuggets,Memphis Grizzlies - Denver Nuggets,Denver Nuggets,1.99,31/10/2021
31/10/2021Memphis Grizzlies - Denver Nuggets,Memphis Grizzlies - Denver Nuggets,Memphis Grizzlies,1.79,31/10/2021
31/10/2021Milwaukee Bucks - Boston Celtics,Milwaukee Bucks - Boston Celtics,Milwaukee Bucks,1.31,31/10/2021
31/10/2021Milwaukee Bucks - Boston Celtics,Milwaukee Bucks - Boston Celtics,Boston Celtics,3.25,31/10/2021
31/10/2021Milwaukee Bucks - Utah Jazz,Milwaukee Bucks - Utah Jazz,Utah Jazz,1.51,31/10/2021
31/10/2021Milwaukee Bucks - Utah Jazz,Milwaukee Bucks - Utah Jazz,Milwaukee Bucks,2.65,31/10/2021
31/10/2021Minnesota Timberwolves - Orlando Magic,Minnesota Timberwolves - Orlando Magic,Minnesota Timberwolves,1.19,31/10/2021
31/10/2021Minnesota Timberwolves - Orlando Magic,Minnesota Timberwolves - Orlando Magic,Orlando Magic,4.55,31/10/2021
31/10/2021New York Knicks - Atlanta Hawks,New York Knicks - Atlanta Hawks,New York Knicks,1.81,31/10/2021
31/10/2021New York Knicks - Atlanta Hawks,New York Knicks - Atlanta Hawks,Atlanta Hawks,1.93,31/10/2021
31/10/2021New York Knicks - Toronto Raptors,New York Knicks - Toronto Raptors,Toronto Raptors,3.0,31/10/2021
31/10/2021New York Knicks - Toronto Raptors,New York Knicks - Toronto Raptors,New York Knicks,1.38,31/10/2021
31/10/2021Phoenix Suns - Golden State Warriors,Phoenix Suns - Golden State Warriors,Phoenix Suns,1.57,31/10/2021
31/10/2021Phoenix Suns - Golden State Warriors,Phoenix Suns - Golden State Warriors,Golden State Warriors,2.32,31/10/2021
31/10/2021Utah Jazz - Dallas Mavericks,Utah Jazz - Dallas Mavericks,Utah Jazz,1.44,31/10/2021
31/10/2021Utah Jazz - Dallas Mavericks,Utah Jazz - Dallas Mavericks,Dallas Mavericks,2.65,31/10/2021
01/11/2021Atlanta Hawks - Washington Wizards,Atlanta Hawks - Washington Wizards,Atlanta Hawks,1.44,01/11/2021
01/11/2021Atlanta Hawks - Washington Wizards,Atlanta Hawks - Washington Wizards,Washington Wizards,2.72,01/11/2021
01/11/2021Boston Celtics - Chicago Bulls,Boston Celtics - Chicago Bulls,Boston Celtics,1.7,01/11/2021
01/11/2021Boston Celtics - Chicago Bulls,Boston Celtics - Chicago Bulls,Chicago Bulls,2.13,01/11/2021
01/11/2021Charlotte Hornets - Cleveland Cavaliers,Charlotte Hornets - Cleveland Cavaliers,Charlotte Hornets,1.5,01/11/2021
01/11/2021Charlotte Hornets - Cleveland Cavaliers,Charlotte Hornets - Cleveland Cavaliers,Cleveland Cavaliers,2.55,01/11/2021
01/11/2021Indiana Pacers - San Antonio Spurs,Indiana Pacers - San Antonio Spurs,Indiana Pacers,1.59,01/11/2021
01/11/2021Indiana Pacers - San Antonio Spurs,Indiana Pacers - San Antonio Spurs,San Antonio Spurs,2.31,01/11/2021
01/11/2021LA Clippers - Oklahoma City Thunder,LA Clippers - Oklahoma City Thunder,Oklahoma City Thunder,5.85,01/11/2021
01/11/2021LA Clippers - Oklahoma City Thunder,LA Clippers - Oklahoma City Thunder,LA Clippers,1.13,01/11/2021
01/11/2021Los Angeles Lakers - Brooklyn Nets,Los Angeles Lakers - Brooklyn Nets,Brooklyn Nets,1.92,01/11/2021
01/11/2021Los Angeles Lakers - Brooklyn Nets,Los Angeles Lakers - Brooklyn Nets,Los Angeles Lakers,1.82,01/11/2021
01/11/2021Memphis Grizzlies - Denver Nuggets,Memphis Grizzlies - Denver Nuggets,Denver Nuggets,2.01,01/11/2021
01/11/2021Memphis Grizzlies - Denver Nuggets,Memphis Grizzlies - Denver Nuggets,Memphis Grizzlies,1.78,01/11/2021
01/11/2021Milwaukee Bucks - Boston Celtics,Milwaukee Bucks - Boston Celtics,Milwaukee Bucks,1.31,01/11/2021
01/11/2021Milwaukee Bucks - Boston Celtics,Milwaukee Bucks - Boston Celtics,Boston Celtics,3.25,01/11/2021
01/11/2021Minnesota Timberwolves - Orlando Magic,Minnesota Timberwolves - Orlando Magic,Minnesota Timberwolves,1.19,01/11/2021
01/11/2021Minnesota Timberwolves - Orlando Magic,Minnesota Timberwolves - Orlando Magic,Orlando Magic,4.55,01/11/2021
01/11/2021New York Knicks - Atlanta Hawks,New York Knicks - Atlanta Hawks,New York Knicks,1.81,01/11/2021
01/11/2021New York Knicks - Atlanta Hawks,New York Knicks - Atlanta Hawks,Atlanta Hawks,1.93,01/11/2021
01/11/2021New York Knicks - Toronto Raptors,New York Knicks - Toronto Raptors,Toronto Raptors,3.0,01/11/2021
01/11/2021New York Knicks - Toronto Raptors,New York Knicks - Toronto Raptors,New York Knicks,1.37,01/11/2021
01/11/2021Philadelphia 76ers - Portland Trail Blazers,Philadelphia 76ers - Portland Trail Blazers,Portland Trail Blazers,3.0,01/11/2021
01/11/2021Philadelphia 76ers - Portland Trail Blazers,Philadelphia 76ers - Portland Trail Blazers,Philadelphia 76ers,1.38,01/11/2021
01/11/2021Phoenix Suns - Golden State Warriors,Phoenix Suns - Golden State Warriors,Phoenix Suns,1.57,01/11/2021
01/11/2021Phoenix Suns - Golden State Warriors,Phoenix Suns - Golden State Warriors,Golden State Warriors,2.32,01/11/2021
01/11/2021Utah Jazz - Dallas Mavericks,Utah Jazz - Dallas Mavericks,Utah Jazz,1.44,01/11/2021
01/11/2021Utah Jazz - Dallas Mavericks,Utah Jazz - Dallas Mavericks,Dallas Mavericks,2.65,01/11/2021
02/11/2021Dallas Mavericks - Miami Heat,Dallas Mavericks - Miami Heat,Dallas Mavericks,1.98,02/11/2021
02/11/2021Dallas Mavericks - Miami Heat,Dallas Mavericks - Miami Heat,Miami Heat,1.8,02/11/2021
02/11/2021Detroit Pistons - Milwaukee Bucks,Detroit Pistons - Milwaukee Bucks,Detroit Pistons,2.58,02/11/2021
02/11/2021Detroit Pistons - Milwaukee Bucks,Detroit Pistons - Milwaukee Bucks,Milwaukee Bucks,1.49,02/11/2021
02/11/2021Los Angeles Lakers - Brooklyn Nets,Los Angeles Lakers - Brooklyn Nets,Brooklyn Nets,1.92,02/11/2021
02/11/2021Los Angeles Lakers - Brooklyn Nets,Los Angeles Lakers - Brooklyn Nets,Los Angeles Lakers,1.82,02/11/2021
02/11/2021Los Angeles Lakers - Houston Rockets,Los Angeles Lakers - Houston Rockets,Houston Rockets,5.65,02/11/2021
02/11/2021Los Angeles Lakers - Houston Rockets,Los Angeles Lakers - Houston Rockets,Los Angeles Lakers,1.14,02/11/2021
02/11/2021New York Knicks - Atlanta Hawks,New York Knicks - Atlanta Hawks,New York Knicks,1.81,02/11/2021
02/11/2021New York Knicks - Atlanta Hawks,New York Knicks - Atlanta Hawks,Atlanta Hawks,1.93,02/11/2021
02/11/2021Phoenix Suns - Golden State Warriors,Phoenix Suns - Golden State Warriors,Phoenix Suns,1.57,02/11/2021
02/11/2021Phoenix Suns - Golden State Warriors,Phoenix Suns - Golden State Warriors,Golden State Warriors,2.32,02/11/2021
02/11/2021Phoenix Suns - New Orleans Pelicans,Phoenix Suns - New Orleans Pelicans,Phoenix Suns,1.11,02/11/2021
02/11/2021Phoenix Suns - New Orleans Pelicans,Phoenix Suns - New Orleans Pelicans,New Orleans Pelicans,6.4,02/11/2021
02/11/2021Utah Jazz - Dallas Mavericks,Utah Jazz - Dallas Mavericks,Utah Jazz,1.44,02/11/2021
02/11/2021Utah Jazz - Dallas Mavericks,Utah Jazz - Dallas Mavericks,Dallas Mavericks,2.65,02/11/2021
02/11/2021Utah Jazz - Sacramento,Utah Jazz - Sacramento,Sacramento,4.4,02/11/2021
02/11/2021Utah Jazz - Sacramento,Utah Jazz - Sacramento,Utah Jazz,1.2,02/11/2021
02/11/2021Milwaukee Bucks - Boston Celtics,Milwaukee Bucks - Boston Celtics,Milwaukee Bucks,1.31,02/11/2021
02/11/2021Milwaukee Bucks - Boston Celtics,Milwaukee Bucks - Boston Celtics,Boston Celtics,3.25,02/11/2021
03/11/2021Brooklyn Nets - Atlanta Hawks,Brooklyn Nets - Atlanta Hawks,Brooklyn Nets,1.44,03/11/2021
03/11/2021Brooklyn Nets - Atlanta Hawks,Brooklyn Nets - Atlanta Hawks,Atlanta Hawks,2.75,03/11/2021
03/11/2021Cleveland Cavaliers - Portland Trail Blazers,Cleveland Cavaliers - Portland Trail Blazers,Cleveland Cavaliers,2.33,03/11/2021
03/11/2021Cleveland Cavaliers - Portland Trail Blazers,Cleveland Cavaliers - Portland Trail Blazers,Portland Trail Blazers,1.58,03/11/2021
03/11/2021Golden State Warriors - Charlotte Hornets,Golden State Warriors - Charlotte Hornets,Charlotte Hornets,3.0,03/11/2021
03/11/2021Golden State Warriors - Charlotte Hornets,Golden State Warriors - Charlotte Hornets,Golden State Warriors,1.38,03/11/2021
03/11/2021Indiana Pacers - New York Knicks,Indiana Pacers - New York Knicks,Indiana Pacers,1.83,03/11/2021
03/11/2021Indiana Pacers - New York Knicks,Indiana Pacers - New York Knicks,New York Knicks,1.95,03/11/2021
03/11/2021Los Angeles Lakers - Brooklyn Nets,Los Angeles Lakers - Brooklyn Nets,Brooklyn Nets,1.92,03/11/2021
03/11/2021Los Angeles Lakers - Brooklyn Nets,Los Angeles Lakers - Brooklyn Nets,Los Angeles Lakers,1.82,03/11/2021
03/11/2021Memphis Grizzlies - Denver Nuggets,Memphis Grizzlies - Denver Nuggets,Memphis Grizzlies,1.82,03/11/2021
03/11/2021Memphis Grizzlies - Denver Nuggets,Memphis Grizzlies - Denver Nuggets,Denver Nuggets,1.96,03/11/2021
03/11/2021Milwaukee Bucks - Boston Celtics,Milwaukee Bucks - Boston Celtics,Boston Celtics,3.3,03/11/2021
03/11/2021Milwaukee Bucks - Boston Celtics,Milwaukee Bucks - Boston Celtics,Milwaukee Bucks,1.3,03/11/2021
03/11/2021Minnesota Timberwolves - LA Clippers,Minnesota Timberwolves - LA Clippers,LA Clippers,1.94,03/11/2021
03/11/2021Minnesota Timberwolves - LA Clippers,Minnesota Timberwolves - LA Clippers,Minnesota Timberwolves,1.84,03/11/2021
03/11/2021New York Knicks - Atlanta Hawks,New York Knicks - Atlanta Hawks,Atlanta Hawks,1.93,03/11/2021
03/11/2021New York Knicks - Atlanta Hawks,New York Knicks - Atlanta Hawks,New York Knicks,1.81,03/11/2021
03/11/2021Orlando Magic - Boston Celtics,Orlando Magic - Boston Celtics,Orlando Magic,3.15,03/11/2021
03/11/2021Orlando Magic - Boston Celtics,Orlando Magic - Boston Celtics,Boston Celtics,1.36,03/11/2021
03/11/2021Philadelphia 76ers - Chicago Bulls,Philadelphia 76ers - Chicago Bulls,Chicago Bulls,1.95,03/11/2021
03/11/2021Philadelphia 76ers - Chicago Bulls,Philadelphia 76ers - Chicago Bulls,Philadelphia 76ers,1.83,03/11/2021
03/11/2021Phoenix Suns - Golden State Warriors,Phoenix Suns - Golden State Warriors,Phoenix Suns,1.57,03/11/2021
03/11/2021Phoenix Suns - Golden State Warriors,Phoenix Suns - Golden State Warriors,Golden State Warriors,2.32,03/11/2021
03/11/2021Sacramento - New Orleans Pelicans,Sacramento - New Orleans Pelicans,Sacramento,1.42,03/11/2021
03/11/2021Sacramento - New Orleans Pelicans,Sacramento - New Orleans Pelicans,New Orleans Pelicans,2.82,03/11/2021
03/11/2021San Antonio Spurs - Dallas Mavericks,San Antonio Spurs - Dallas Mavericks,San Antonio Spurs,1.97,03/11/2021
03/11/2021San Antonio Spurs - Dallas Mavericks,San Antonio Spurs - Dallas Mavericks,Dallas Mavericks,1.81,03/11/2021
03/11/2021Utah Jazz - Dallas Mavericks,Utah Jazz - Dallas Mavericks,Utah Jazz,1.44,03/11/2021
03/11/2021Utah Jazz - Dallas Mavericks,Utah Jazz - Dallas Mavericks,Dallas Mavericks,2.65,03/11/2021
03/11/2021Washington Wizards - Toronto Raptors,Washington Wizards - Toronto Raptors,Toronto Raptors,2.31,03/11/2021
03/11/2021Washington Wizards - Toronto Raptors,Washington Wizards - Toronto Raptors,Washington Wizards,1.6,03/11/2021
04/11/2021Atlanta Hawks - Utah Jazz,Atlanta Hawks - Utah Jazz,Atlanta Hawks,1.91,04/11/2021
04/11/2021Atlanta Hawks - Utah Jazz,Atlanta Hawks - Utah Jazz,Utah Jazz,1.86,04/11/2021
04/11/2021Detroit Pistons - Philadelphia 76ers,Detroit Pistons - Philadelphia 76ers,Detroit Pistons,2.95,04/11/2021
04/11/2021Detroit Pistons - Philadelphia 76ers,Detroit Pistons - Philadelphia 76ers,Philadelphia 76ers,1.39,04/11/2021
04/11/2021Los Angeles Lakers - Brooklyn Nets,Los Angeles Lakers - Brooklyn Nets,Brooklyn Nets,1.92,04/11/2021
04/11/2021Los Angeles Lakers - Brooklyn Nets,Los Angeles Lakers - Brooklyn Nets,Los Angeles Lakers,1.82,04/11/2021
04/11/2021Los Angeles Lakers - Oklahoma City Thunder,Los Angeles Lakers - Oklahoma City Thunder,Los Angeles Lakers,1.1,04/11/2021
04/11/2021Los Angeles Lakers - Oklahoma City Thunder,Los Angeles Lakers - Oklahoma City Thunder,Oklahoma City Thunder,6.65,04/11/2021
04/11/2021Miami Heat - Boston Celtics,Miami Heat - Boston Celtics,Boston Celtics,3.35,04/11/2021
04/11/2021Miami Heat - Boston Celtics,Miami Heat - Boston Celtics,Miami Heat,1.32,04/11/2021
04/11/2021Milwaukee Bucks - Boston Celtics,Milwaukee Bucks - Boston Celtics,Milwaukee Bucks,1.3,04/11/2021
04/11/2021Milwaukee Bucks - Boston Celtics,Milwaukee Bucks - Boston Celtics,Boston Celtics,3.3,04/11/2021
04/11/2021New York Knicks - Atlanta Hawks,New York Knicks - Atlanta Hawks,New York Knicks,1.81,04/11/2021
04/11/2021New York Knicks - Atlanta Hawks,New York Knicks - Atlanta Hawks,Atlanta Hawks,1.93,04/11/2021
04/11/2021Phoenix Suns - Golden State Warriors,Phoenix Suns - Golden State Warriors,Phoenix Suns,1.57,04/11/2021
04/11/2021Phoenix Suns - Golden State Warriors,Phoenix Suns - Golden State Warriors,Golden State Warriors,2.32,04/11/2021
04/11/2021Phoenix Suns - Houston Rockets,Phoenix Suns - Houston Rockets,Phoenix Suns,1.14,04/11/2021
04/11/2021Phoenix Suns - Houston Rockets,Phoenix Suns - Houston Rockets,Houston Rockets,5.55,04/11/2021
04/11/2021Utah Jazz - Dallas Mavericks,Utah Jazz - Dallas Mavericks,Utah Jazz,1.44,04/11/2021
04/11/2021Utah Jazz - Dallas Mavericks,Utah Jazz - Dallas Mavericks,Dallas Mavericks,2.65,04/11/2021
05/11/2021Detroit Pistons - Brooklyn Nets,Detroit Pistons - Brooklyn Nets,Detroit Pistons,5.25,05/11/2021
05/11/2021Detroit Pistons - Brooklyn Nets,Detroit Pistons - Brooklyn Nets,Brooklyn Nets,1.14,05/11/2021
05/11/2021Golden State Warriors - New Orleans Pelicans,Golden State Warriors - New Orleans Pelicans,Golden State Warriors,1.2,05/11/2021
05/11/2021Golden State Warriors - New Orleans Pelicans,Golden State Warriors - New Orleans Pelicans,New Orleans Pelicans,4.35,05/11/2021
05/11/2021Los Angeles Lakers - Brooklyn Nets,Los Angeles Lakers - Brooklyn Nets,Los Angeles Lakers,1.82,05/11/2021
05/11/2021Los Angeles Lakers - Brooklyn Nets,Los Angeles Lakers - Brooklyn Nets,Brooklyn Nets,1.92,05/11/2021
05/11/2021Milwaukee Bucks - Boston Celtics,Milwaukee Bucks - Boston Celtics,Boston Celtics,3.25,05/11/2021
05/11/2021Milwaukee Bucks - Boston Celtics,Milwaukee Bucks - Boston Celtics,Milwaukee Bucks,1.31,05/11/2021
05/11/2021Milwaukee Bucks - New York Knicks,Milwaukee Bucks - New York Knicks,Milwaukee Bucks,1.49,05/11/2021
05/11/2021Milwaukee Bucks - New York Knicks,Milwaukee Bucks - New York Knicks,New York Knicks,2.58,05/11/2021
05/11/2021Minnesota Timberwolves - LA Clippers,Minnesota Timberwolves - LA Clippers,Minnesota Timberwolves,2.17,05/11/2021
05/11/2021Minnesota Timberwolves - LA Clippers,Minnesota Timberwolves - LA Clippers,LA Clippers,1.67,05/11/2021
05/11/2021New York Knicks - Atlanta Hawks,New York Knicks - Atlanta Hawks,Atlanta Hawks,1.93,05/11/2021
05/11/2021New York Knicks - Atlanta Hawks,New York Knicks - Atlanta Hawks,New York Knicks,1.81,05/11/2021
05/11/2021Orlando Magic - San Antonio Spurs,Orlando Magic - San Antonio Spurs,Orlando Magic,2.36,05/11/2021
05/11/2021Orlando Magic - San Antonio Spurs,Orlando Magic - San Antonio Spurs,San Antonio Spurs,1.57,05/11/2021
05/11/2021Phoenix Suns - Golden State Warriors,Phoenix Suns - Golden State Warriors,Golden State Warriors,2.32,05/11/2021
05/11/2021Phoenix Suns - Golden State Warriors,Phoenix Suns - Golden State Warriors,Phoenix Suns,1.57,05/11/2021
05/11/2021Portland Trail Blazers - Indiana Pacers,Portland Trail Blazers - Indiana Pacers,Portland Trail Blazers,1.59,05/11/2021
05/11/2021Portland Trail Blazers - Indiana Pacers,Portland Trail Blazers - Indiana Pacers,Indiana Pacers,2.32,05/11/2021
05/11/2021Sacramento - Charlotte Hornets,Sacramento - Charlotte Hornets,Charlotte Hornets,1.99,05/11/2021
05/11/2021Sacramento - Charlotte Hornets,Sacramento - Charlotte Hornets,Sacramento,1.79,05/11/2021
05/11/2021Toronto Raptors - Cleveland Cavaliers,Toronto Raptors - Cleveland Cavaliers,Cleveland Cavaliers,2.85,05/11/2021
05/11/2021Toronto Raptors - Cleveland Cavaliers,Toronto Raptors - Cleveland Cavaliers,Toronto Raptors,1.41,05/11/2021
05/11/2021Utah Jazz - Dallas Mavericks,Utah Jazz - Dallas Mavericks,Dallas Mavericks,2.65,05/11/2021
05/11/2021Utah Jazz - Dallas Mavericks,Utah Jazz - Dallas Mavericks,Utah Jazz,1.44,05/11/2021
05/11/2021Washington Wizards - Memphis Grizzlies,Washington Wizards - Memphis Grizzlies,Memphis Grizzlies,1.9,05/11/2021
05/11/2021Washington Wizards - Memphis Grizzlies,Washington Wizards - Memphis Grizzlies,Washington Wizards,1.88,05/11/2021
06/11/2021Chicago Bulls - Philadelphia 76ers,Chicago Bulls - Philadelphia 76ers,Chicago Bulls,1.59,06/11/2021
06/11/2021Chicago Bulls - Philadelphia 76ers,Chicago Bulls - Philadelphia 76ers,Philadelphia 76ers,2.38,06/11/2021
06/11/2021Dallas Mavericks - Boston Celtics,Dallas Mavericks - Boston Celtics,Dallas Mavericks,1.48,06/11/2021
06/11/2021Dallas Mavericks - Boston Celtics,Dallas Mavericks - Boston Celtics,Boston Celtics,2.6,06/11/2021
06/11/2021Denver Nuggets - Houston Rockets,Denver Nuggets - Houston Rockets,Denver Nuggets,1.15,06/11/2021
06/11/2021Denver Nuggets - Houston Rockets,Denver Nuggets - Houston Rockets,Houston Rockets,5.15,06/11/2021
06/11/2021Los Angeles Lakers - Brooklyn Nets,Los Angeles Lakers - Brooklyn Nets,Brooklyn Nets,1.92,06/11/2021
06/11/2021Los Angeles Lakers - Brooklyn Nets,Los Angeles Lakers - Brooklyn Nets,Los Angeles Lakers,1.82,06/11/2021
06/11/2021Miami Heat - Utah Jazz,Miami Heat - Utah Jazz,Miami Heat,1.68,06/11/2021
06/11/2021Miami Heat - Utah Jazz,Miami Heat - Utah Jazz,Utah Jazz,2.2,06/11/2021
06/11/2021Milwaukee Bucks - Boston Celtics,Milwaukee Bucks - Boston Celtics,Boston Celtics,3.25,06/11/2021
06/11/2021Milwaukee Bucks - Boston Celtics,Milwaukee Bucks - Boston Celtics,Milwaukee Bucks,1.31,06/11/2021
06/11/2021New York Knicks - Atlanta Hawks,New York Knicks - Atlanta Hawks,New York Knicks,1.81,06/11/2021
06/11/2021New York Knicks - Atlanta Hawks,New York Knicks - Atlanta Hawks,Atlanta Hawks,1.93,06/11/2021
06/11/2021Phoenix Suns - Atlanta Hawks,Phoenix Suns - Atlanta Hawks,Phoenix Suns,1.48,06/11/2021
06/11/2021Phoenix Suns - Atlanta Hawks,Phoenix Suns - Atlanta Hawks,Atlanta Hawks,2.6,06/11/2021
06/11/2021Phoenix Suns - Golden State Warriors,Phoenix Suns - Golden State Warriors,Phoenix Suns,1.57,06/11/2021
06/11/2021Phoenix Suns - Golden State Warriors,Phoenix Suns - Golden State Warriors,Golden State Warriors,2.32,06/11/2021
06/11/2021Portland Trail Blazers - Los Angeles Lakers,Portland Trail Blazers - Los Angeles Lakers,Portland Trail Blazers,1.57,06/11/2021
06/11/2021Portland Trail Blazers - Los Angeles Lakers,Portland Trail Blazers - Los Angeles Lakers,Los Angeles Lakers,2.36,06/11/2021
06/11/2021Utah Jazz - Dallas Mavericks,Utah Jazz - Dallas Mavericks,Utah Jazz,1.44,06/11/2021
06/11/2021Utah Jazz - Dallas Mavericks,Utah Jazz - Dallas Mavericks,Dallas Mavericks,2.65,06/11/2021
07/11/2021Golden State Warriors - Houston Rockets,Golden State Warriors - Houston Rockets,Golden State Warriors,1.09,07/11/2021
07/11/2021Golden State Warriors - Houston Rockets,Golden State Warriors - Houston Rockets,Houston Rockets,6.85,07/11/2021
07/11/2021LA Clippers - Charlotte Hornets,LA Clippers - Charlotte Hornets,Charlotte Hornets,2.65,07/11/2021
07/11/2021LA Clippers - Charlotte Hornets,LA Clippers - Charlotte Hornets,LA Clippers,1.47,07/11/2021
07/11/2021Los Angeles Lakers - Brooklyn Nets,Los Angeles Lakers - Brooklyn Nets,Brooklyn Nets,1.92,07/11/2021
07/11/2021Los Angeles Lakers - Brooklyn Nets,Los Angeles Lakers - Brooklyn Nets,Los Angeles Lakers,1.82,07/11/2021
07/11/2021Milwaukee Bucks - Boston Celtics,Milwaukee Bucks - Boston Celtics,Milwaukee Bucks,1.31,07/11/2021
07/11/2021Milwaukee Bucks - Boston Celtics,Milwaukee Bucks - Boston Celtics,Boston Celtics,3.25,07/11/2021
07/11/2021New York Knicks - Atlanta Hawks,New York Knicks - Atlanta Hawks,New York Knicks,1.81,07/11/2021
07/11/2021New York Knicks - Atlanta Hawks,New York Knicks - Atlanta Hawks,Atlanta Hawks,1.93,07/11/2021
07/11/2021New York Knicks - Cleveland Cavaliers,New York Knicks - Cleveland Cavaliers,Cleveland Cavaliers,3.55,07/11/2021
07/11/2021New York Knicks - Cleveland Cavaliers,New York Knicks - Cleveland Cavaliers,New York Knicks,1.28,07/11/2021
07/11/2021Oklahoma City Thunder - San Antonio Spurs,Oklahoma City Thunder - San Antonio Spurs,Oklahoma City Thunder,2.38,07/11/2021
07/11/2021Oklahoma City Thunder - San Antonio Spurs,Oklahoma City Thunder - San Antonio Spurs,San Antonio Spurs,1.56,07/11/2021
07/11/2021Orlando Magic - Utah Jazz,Orlando Magic - Utah Jazz,Utah Jazz,1.16,07/11/2021
07/11/2021Orlando Magic - Utah Jazz,Orlando Magic - Utah Jazz,Orlando Magic,5.1,07/11/2021
07/11/2021Phoenix Suns - Golden State Warriors,Phoenix Suns - Golden State Warriors,Phoenix Suns,1.57,07/11/2021
07/11/2021Phoenix Suns - Golden State Warriors,Phoenix Suns - Golden State Warriors,Golden State Warriors,2.32,07/11/2021
07/11/2021Sacramento - Indiana Pacers,Sacramento - Indiana Pacers,Sacramento,1.79,07/11/2021
07/11/2021Sacramento - Indiana Pacers,Sacramento - Indiana Pacers,Indiana Pacers,2.0,07/11/2021
07/11/2021Toronto Raptors - Brooklyn Nets,Toronto Raptors - Brooklyn Nets,Toronto Raptors,2.23,07/11/2021
07/11/2021Toronto Raptors - Brooklyn Nets,Toronto Raptors - Brooklyn Nets,Brooklyn Nets,1.64,07/11/2021
07/11/2021Utah Jazz - Dallas Mavericks,Utah Jazz - Dallas Mavericks,Utah Jazz,1.44,07/11/2021
07/11/2021Utah Jazz - Dallas Mavericks,Utah Jazz - Dallas Mavericks,Dallas Mavericks,2.65,07/11/2021
07/11/2021Washington Wizards - Milwaukee Bucks,Washington Wizards - Milwaukee Bucks,Milwaukee Bucks,1.65,07/11/2021
07/11/2021Washington Wizards - Milwaukee Bucks,Washington Wizards - Milwaukee Bucks,Washington Wizards,2.21,07/11/2021
08/11/2021Chicago Bulls - Brooklyn Nets,Chicago Bulls - Brooklyn Nets,Chicago Bulls,1.78,08/11/2021
08/11/2021Chicago Bulls - Brooklyn Nets,Chicago Bulls - Brooklyn Nets,Brooklyn Nets,2.0,08/11/2021
08/11/2021Dallas Mavericks - New Orleans Pelicans,Dallas Mavericks - New Orleans Pelicans,New Orleans Pelicans,4.7,08/11/2021
08/11/2021Dallas Mavericks - New Orleans Pelicans,Dallas Mavericks - New Orleans Pelicans,Dallas Mavericks,1.18,08/11/2021
08/11/2021Denver Nuggets - Miami Heat,Denver Nuggets - Miami Heat,Denver Nuggets,2.13,08/11/2021
08/11/2021Denver Nuggets - Miami Heat,Denver Nuggets - Miami Heat,Miami Heat,1.7,08/11/2021
08/11/2021Golden State Warriors - Atlanta Hawks,Golden State Warriors - Atlanta Hawks,Atlanta Hawks,2.23,08/11/2021
08/11/2021Golden State Warriors - Atlanta Hawks,Golden State Warriors - Atlanta Hawks,Golden State Warriors,1.63,08/11/2021
08/11/2021Los Angeles Lakers - Brooklyn Nets,Los Angeles Lakers - Brooklyn Nets,Brooklyn Nets,1.94,08/11/2021
08/11/2021Los Angeles Lakers - Brooklyn Nets,Los Angeles Lakers - Brooklyn Nets,Los Angeles Lakers,1.8,08/11/2021
08/11/2021Los Angeles Lakers - Charlotte Hornets,Los Angeles Lakers - Charlotte Hornets,Los Angeles Lakers,1.69,08/11/2021
08/11/2021Los Angeles Lakers - Charlotte Hornets,Los Angeles Lakers - Charlotte Hornets,Charlotte Hornets,2.14,08/11/2021
08/11/2021Memphis Grizzlies - Minnesota Timberwolves,Memphis Grizzlies - Minnesota Timberwolves,Memphis Grizzlies,1.41,08/11/2021
08/11/2021Memphis Grizzlies - Minnesota Timberwolves,Memphis Grizzlies - Minnesota Timberwolves,Minnesota Timberwolves,2.88,08/11/2021
08/11/2021Milwaukee Bucks - Boston Celtics,Milwaukee Bucks - Boston Celtics,Milwaukee Bucks,1.31,08/11/2021
08/11/2021Milwaukee Bucks - Boston Celtics,Milwaukee Bucks - Boston Celtics,Boston Celtics,3.25,08/11/2021
08/11/2021New York Knicks - Atlanta Hawks,New York Knicks - Atlanta Hawks,New York Knicks,1.81,08/11/2021
08/11/2021New York Knicks - Atlanta Hawks,New York Knicks - Atlanta Hawks,Atlanta Hawks,1.93,08/11/2021
08/11/2021Philadelphia 76ers - New York Knicks,Philadelphia 76ers - New York Knicks,Philadelphia 76ers,1.51,08/11/2021
08/11/2021Philadelphia 76ers - New York Knicks,Philadelphia 76ers - New York Knicks,New York Knicks,2.5,08/11/2021
08/11/2021Phoenix Suns - Golden State Warriors,Phoenix Suns - Golden State Warriors,Phoenix Suns,1.57,08/11/2021
08/11/2021Phoenix Suns - Golden State Warriors,Phoenix Suns - Golden State Warriors,Golden State Warriors,2.32,08/11/2021
08/11/2021Sacramento - Phoenix Suns,Sacramento - Phoenix Suns,Sacramento,2.13,08/11/2021
08/11/2021Sacramento - Phoenix Suns,Sacramento - Phoenix Suns,Phoenix Suns,1.69,08/11/2021
08/11/2021Utah Jazz - Dallas Mavericks,Utah Jazz - Dallas Mavericks,Utah Jazz,1.44,08/11/2021
08/11/2021Utah Jazz - Dallas Mavericks,Utah Jazz - Dallas Mavericks,Dallas Mavericks,2.65,08/11/2021
09/11/2021LA Clippers - Portland Trail Blazers,LA Clippers - Portland Trail Blazers,LA Clippers,1.66,09/11/2021
09/11/2021LA Clippers - Portland Trail Blazers,LA Clippers - Portland Trail Blazers,Portland Trail Blazers,2.23,09/11/2021
09/11/2021Los Angeles Lakers - Brooklyn Nets,Los Angeles Lakers - Brooklyn Nets,Los Angeles Lakers,1.8,09/11/2021
09/11/2021Los Angeles Lakers - Brooklyn Nets,Los Angeles Lakers - Brooklyn Nets,Brooklyn Nets,1.94,09/11/2021
09/11/2021Milwaukee Bucks - Boston Celtics,Milwaukee Bucks - Boston Celtics,Milwaukee Bucks,1.31,09/11/2021
09/11/2021Milwaukee Bucks - Boston Celtics,Milwaukee Bucks - Boston Celtics,Boston Celtics,3.25,09/11/2021
09/11/2021New York Knicks - Atlanta Hawks,New York Knicks - Atlanta Hawks,New York Knicks,1.81,09/11/2021
09/11/2021New York Knicks - Atlanta Hawks,New York Knicks - Atlanta Hawks,Atlanta Hawks,1.93,09/11/2021
09/11/2021Philadelphia 76ers - Milwaukee Bucks,Philadelphia 76ers - Milwaukee Bucks,Philadelphia 76ers,2.85,09/11/2021
09/11/2021Philadelphia 76ers - Milwaukee Bucks,Philadelphia 76ers - Milwaukee Bucks,Milwaukee Bucks,1.43,09/11/2021
09/11/2021Phoenix Suns - Golden State Warriors,Phoenix Suns - Golden State Warriors,Phoenix Suns,1.57,09/11/2021
09/11/2021Phoenix Suns - Golden State Warriors,Phoenix Suns - Golden State Warriors,Golden State Warriors,2.32,09/11/2021
09/11/2021Utah Jazz - Atlanta Hawks,Utah Jazz - Atlanta Hawks,Utah Jazz,1.26,09/11/2021
09/11/2021Utah Jazz - Atlanta Hawks,Utah Jazz - Atlanta Hawks,Atlanta Hawks,3.75,09/11/2021
09/11/2021Utah Jazz - Dallas Mavericks,Utah Jazz - Dallas Mavericks,Utah Jazz,1.44,09/11/2021
09/11/2021Utah Jazz - Dallas Mavericks,Utah Jazz - Dallas Mavericks,Dallas Mavericks,2.65,09/11/2021
10/11/2021Boston Celtics - Toronto Raptors,Boston Celtics - Toronto Raptors,Boston Celtics,1.74,10/11/2021
10/11/2021Boston Celtics - Toronto Raptors,Boston Celtics - Toronto Raptors,Toronto Raptors,2.07,10/11/2021
10/11/2021Chicago Bulls - Dallas Mavericks,Chicago Bulls - Dallas Mavericks,Dallas Mavericks,2.35,10/11/2021
10/11/2021Chicago Bulls - Dallas Mavericks,Chicago Bulls - Dallas Mavericks,Chicago Bulls,1.6,10/11/2021
10/11/2021Cleveland Cavaliers - Washington Wizards,Cleveland Cavaliers - Washington Wizards,Cleveland Cavaliers,2.31,10/11/2021
10/11/2021Cleveland Cavaliers - Washington Wizards,Cleveland Cavaliers - Washington Wizards,Washington Wizards,1.6,10/11/2021
10/11/2021Denver Nuggets - Indiana Pacers,Denver Nuggets - Indiana Pacers,Denver Nuggets,2.16,10/11/2021
10/11/2021Denver Nuggets - Indiana Pacers,Denver Nuggets - Indiana Pacers,Indiana Pacers,1.67,10/11/2021
10/11/2021Golden State Warriors - Minnesota Timberwolves,Golden State Warriors - Minnesota Timberwolves,Minnesota Timberwolves,3.25,10/11/2021
10/11/2021Golden State Warriors - Minnesota Timberwolves,Golden State Warriors - Minnesota Timberwolves,Golden State Warriors,1.33,10/11/2021
10/11/2021Houston Rockets - Detroit Pistons,Houston Rockets - Detroit Pistons,Houston Rockets,1.78,10/11/2021
10/11/2021Houston Rockets - Detroit Pistons,Houston Rockets - Detroit Pistons,Detroit Pistons,2.0,10/11/2021
10/11/2021Los Angeles Lakers - Brooklyn Nets,Los Angeles Lakers - Brooklyn Nets,Brooklyn Nets,1.94,10/11/2021
10/11/2021Los Angeles Lakers - Brooklyn Nets,Los Angeles Lakers - Brooklyn Nets,Los Angeles Lakers,1.8,10/11/2021
10/11/2021Los Angeles Lakers - Miami Heat,Los Angeles Lakers - Miami Heat,Miami Heat,1.54,10/11/2021
10/11/2021Los Angeles Lakers - Miami Heat,Los Angeles Lakers - Miami Heat,Los Angeles Lakers,2.43,10/11/2021
10/11/2021Memphis Grizzlies - Charlotte Hornets,Memphis Grizzlies - Charlotte Hornets,Memphis Grizzlies,1.53,10/11/2021
10/11/2021Memphis Grizzlies - Charlotte Hornets,Memphis Grizzlies - Charlotte Hornets,Charlotte Hornets,2.47,10/11/2021
10/11/2021Milwaukee Bucks - Boston Celtics,Milwaukee Bucks - Boston Celtics,Milwaukee Bucks,1.31,10/11/2021
10/11/2021Milwaukee Bucks - Boston Celtics,Milwaukee Bucks - Boston Celtics,Boston Celtics,3.25,10/11/2021
10/11/2021New Orleans Pelicans - Oklahoma City Thunder,New Orleans Pelicans - Oklahoma City Thunder,Oklahoma City Thunder,2.58,10/11/2021
10/11/2021New Orleans Pelicans - Oklahoma City Thunder,New Orleans Pelicans - Oklahoma City Thunder,New Orleans Pelicans,1.49,10/11/2021
10/11/2021New York Knicks - Atlanta Hawks,New York Knicks - Atlanta Hawks,New York Knicks,1.81,10/11/2021
10/11/2021New York Knicks - Atlanta Hawks,New York Knicks - Atlanta Hawks,Atlanta Hawks,1.93,10/11/2021
10/11/2021New York Knicks - Milwaukee Bucks,New York Knicks - Milwaukee Bucks,Milwaukee Bucks,2.17,10/11/2021
10/11/2021New York Knicks - Milwaukee Bucks,New York Knicks - Milwaukee Bucks,New York Knicks,1.67,10/11/2021
10/11/2021Orlando Magic - Brooklyn Nets,Orlando Magic - Brooklyn Nets,Brooklyn Nets,1.23,10/11/2021
10/11/2021Orlando Magic - Brooklyn Nets,Orlando Magic - Brooklyn Nets,Orlando Magic,4.1,10/11/2021
10/11/2021Phoenix Suns - Golden State Warriors,Phoenix Suns - Golden State Warriors,Phoenix Suns,1.57,10/11/2021
10/11/2021Phoenix Suns - Golden State Warriors,Phoenix Suns - Golden State Warriors,Golden State Warriors,2.32,10/11/2021
10/11/2021Phoenix Suns - Portland Trail Blazers,Phoenix Suns - Portland Trail Blazers,Portland Trail Blazers,3.05,10/11/2021
10/11/2021Phoenix Suns - Portland Trail Blazers,Phoenix Suns - Portland Trail Blazers,Phoenix Suns,1.36,10/11/2021
10/11/2021San Antonio Spurs - Sacramento,San Antonio Spurs - Sacramento,Sacramento,1.88,10/11/2021
10/11/2021San Antonio Spurs - Sacramento,San Antonio Spurs - Sacramento,San Antonio Spurs,1.88,10/11/2021
10/11/2021Utah Jazz - Dallas Mavericks,Utah Jazz - Dallas Mavericks,Utah Jazz,1.44,10/11/2021
10/11/2021Utah Jazz - Dallas Mavericks,Utah Jazz - Dallas Mavericks,Dallas Mavericks,2.65,10/11/2021
11/11/2021LA Clippers - Miami Heat,LA Clippers - Miami Heat,LA Clippers,1.55,11/11/2021
11/11/2021LA Clippers - Miami Heat,LA Clippers - Miami Heat,Miami Heat,2.47,11/11/2021
11/11/2021Los Angeles Lakers - Brooklyn Nets,Los Angeles Lakers - Brooklyn Nets,Los Angeles Lakers,1.8,11/11/2021
11/11/2021Los Angeles Lakers - Brooklyn Nets,Los Angeles Lakers - Brooklyn Nets,Brooklyn Nets,1.94,11/11/2021
11/11/2021Milwaukee Bucks - Boston Celtics,Milwaukee Bucks - Boston Celtics,Milwaukee Bucks,1.31,11/11/2021
11/11/2021Milwaukee Bucks - Boston Celtics,Milwaukee Bucks - Boston Celtics,Boston Celtics,3.25,11/11/2021
11/11/2021New York Knicks - Atlanta Hawks,New York Knicks - Atlanta Hawks,New York Knicks,1.81,11/11/2021
11/11/2021New York Knicks - Atlanta Hawks,New York Knicks - Atlanta Hawks,Atlanta Hawks,1.93,11/11/2021
11/11/2021Philadelphia 76ers - Toronto Raptors,Philadelphia 76ers - Toronto Raptors,Philadelphia 76ers,1.65,11/11/2021
11/11/2021Philadelphia 76ers - Toronto Raptors,Philadelphia 76ers - Toronto Raptors,Toronto Raptors,2.2,11/11/2021
11/11/2021Phoenix Suns - Golden State Warriors,Phoenix Suns - Golden State Warriors,Phoenix Suns,1.57,11/11/2021
11/11/2021Phoenix Suns - Golden State Warriors,Phoenix Suns - Golden State Warriors,Golden State Warriors,2.32,11/11/2021
11/11/2021Utah Jazz - Dallas Mavericks,Utah Jazz - Dallas Mavericks,Utah Jazz,1.44,11/11/2021
11/11/2021Utah Jazz - Dallas Mavericks,Utah Jazz - Dallas Mavericks,Dallas Mavericks,2.65,11/11/2021
11/11/2021Utah Jazz - Indiana Pacers,Utah Jazz - Indiana Pacers,Utah Jazz,1.17,11/11/2021
11/11/2021Utah Jazz - Indiana Pacers,Utah Jazz - Indiana Pacers,Indiana Pacers,4.85,11/11/2021
12/11/2021Boston Celtics - Milwaukee Bucks,Boston Celtics - Milwaukee Bucks,Boston Celtics,1.96,12/11/2021
12/11/2021Boston Celtics - Milwaukee Bucks,Boston Celtics - Milwaukee Bucks,Milwaukee Bucks,1.82,12/11/2021
12/11/2021Charlotte Hornets - New York Knicks,Charlotte Hornets - New York Knicks,Charlotte Hornets,2.01,12/11/2021
12/11/2021Charlotte Hornets - New York Knicks,Charlotte Hornets - New York Knicks,New York Knicks,1.78,12/11/2021
12/11/2021Cleveland Cavaliers - Detroit Pistons,Cleveland Cavaliers - Detroit Pistons,Cleveland Cavaliers,1.45,12/11/2021
12/11/2021Cleveland Cavaliers - Detroit Pistons,Cleveland Cavaliers - Detroit Pistons,Detroit Pistons,2.7,12/11/2021
12/11/2021Denver Nuggets - Atlanta Hawks,Denver Nuggets - Atlanta Hawks,Atlanta Hawks,2.42,12/11/2021
12/11/2021Denver Nuggets - Atlanta Hawks,Denver Nuggets - Atlanta Hawks,Denver Nuggets,1.55,12/11/2021
12/11/2021Golden State Warriors - Chicago Bulls,Golden State Warriors - Chicago Bulls,Golden State Warriors,1.44,12/11/2021
12/11/2021Golden State Warriors - Chicago Bulls,Golden State Warriors - Chicago Bulls,Chicago Bulls,2.8,12/11/2021
12/11/2021Houston Rockets - Portland Trail Blazers,Houston Rockets - Portland Trail Blazers,Portland Trail Blazers,1.38,12/11/2021
12/11/2021Houston Rockets - Portland Trail Blazers,Houston Rockets - Portland Trail Blazers,Houston Rockets,3.0,12/11/2021
12/11/2021Los Angeles Lakers - Brooklyn Nets,Los Angeles Lakers - Brooklyn Nets,Brooklyn Nets,1.92,12/11/2021
12/11/2021Los Angeles Lakers - Brooklyn Nets,Los Angeles Lakers - Brooklyn Nets,Los Angeles Lakers,1.82,12/11/2021
12/11/2021Los Angeles Lakers - Minnesota Timberwolves,Los Angeles Lakers - Minnesota Timberwolves,Minnesota Timberwolves,2.06,12/11/2021
12/11/2021Los Angeles Lakers - Minnesota Timberwolves,Los Angeles Lakers - Minnesota Timberwolves,Los Angeles Lakers,1.74,12/11/2021
12/11/2021Memphis Grizzlies - Phoenix Suns,Memphis Grizzlies - Phoenix Suns,Memphis Grizzlies,2.06,12/11/2021
12/11/2021Memphis Grizzlies - Phoenix Suns,Memphis Grizzlies - Phoenix Suns,Phoenix Suns,1.77,12/11/2021
12/11/2021Milwaukee Bucks - Boston Celtics,Milwaukee Bucks - Boston Celtics,Boston Celtics,3.25,12/11/2021
12/11/2021Milwaukee Bucks - Boston Celtics,Milwaukee Bucks - Boston Celtics,Milwaukee Bucks,1.31,12/11/2021
12/11/2021New Orleans Pelicans - Brooklyn Nets,New Orleans Pelicans - Brooklyn Nets,Brooklyn Nets,1.2,12/11/2021
12/11/2021New Orleans Pelicans - Brooklyn Nets,New Orleans Pelicans - Brooklyn Nets,New Orleans Pelicans,4.35,12/11/2021
12/11/2021New York Knicks - Atlanta Hawks,New York Knicks - Atlanta Hawks,New York Knicks,1.81,12/11/2021
12/11/2021New York Knicks - Atlanta Hawks,New York Knicks - Atlanta Hawks,Atlanta Hawks,1.93,12/11/2021
12/11/2021Oklahoma City Thunder - Sacramento,Oklahoma City Thunder - Sacramento,Sacramento,1.5,12/11/2021
12/11/2021Oklahoma City Thunder - Sacramento,Oklahoma City Thunder - Sacramento,Oklahoma City Thunder,2.55,12/11/2021
12/11/2021Phoenix Suns - Golden State Warriors,Phoenix Suns - Golden State Warriors,Phoenix Suns,1.57,12/11/2021
12/11/2021Phoenix Suns - Golden State Warriors,Phoenix Suns - Golden State Warriors,Golden State Warriors,2.32,12/11/2021
12/11/2021San Antonio Spurs - Dallas Mavericks,San Antonio Spurs - Dallas Mavericks,Dallas Mavericks,1.64,12/11/2021
12/11/2021San Antonio Spurs - Dallas Mavericks,San Antonio Spurs - Dallas Mavericks,San Antonio Spurs,2.21,12/11/2021
12/11/2021Utah Jazz - Dallas Mavericks,Utah Jazz - Dallas Mavericks,Utah Jazz,1.44,12/11/2021
12/11/2021Utah Jazz - Dallas Mavericks,Utah Jazz - Dallas Mavericks,Dallas Mavericks,2.65,12/11/2021
13/11/2021Cleveland Cavaliers - Boston Celtics,Cleveland Cavaliers - Boston Celtics,Cleveland Cavaliers,2.17,13/11/2021
13/11/2021Cleveland Cavaliers - Boston Celtics,Cleveland Cavaliers - Boston Celtics,Boston Celtics,1.67,13/11/2021
13/11/2021Indiana Pacers - Philadelphia 76ers,Indiana Pacers - Philadelphia 76ers,Indiana Pacers,1.62,13/11/2021
13/11/2021Indiana Pacers - Philadelphia 76ers,Indiana Pacers - Philadelphia 76ers,Philadelphia 76ers,2.31,13/11/2021
13/11/2021LA Clippers - Minnesota Timberwolves,LA Clippers - Minnesota Timberwolves,Minnesota Timberwolves,3.25,13/11/2021
13/11/2021LA Clippers - Minnesota Timberwolves,LA Clippers - Minnesota Timberwolves,LA Clippers,1.35,13/11/2021
13/11/2021Los Angeles Lakers - Brooklyn Nets,Los Angeles Lakers - Brooklyn Nets,Los Angeles Lakers,1.82,13/11/2021
13/11/2021Los Angeles Lakers - Brooklyn Nets,Los Angeles Lakers - Brooklyn Nets,Brooklyn Nets,1.92,13/11/2021
13/11/2021Milwaukee Bucks - Boston Celtics,Milwaukee Bucks - Boston Celtics,Milwaukee Bucks,1.32,13/11/2021
13/11/2021Milwaukee Bucks - Boston Celtics,Milwaukee Bucks - Boston Celtics,Boston Celtics,3.2,13/11/2021
13/11/2021New Orleans Pelicans - Memphis Grizzlies,New Orleans Pelicans - Memphis Grizzlies,New Orleans Pelicans,2.41,13/11/2021
13/11/2021New Orleans Pelicans - Memphis Grizzlies,New Orleans Pelicans - Memphis Grizzlies,Memphis Grizzlies,1.55,13/11/2021
13/11/2021New York Knicks - Atlanta Hawks,New York Knicks - Atlanta Hawks,New York Knicks,1.81,13/11/2021
13/11/2021New York Knicks - Atlanta Hawks,New York Knicks - Atlanta Hawks,Atlanta Hawks,1.93,13/11/2021
13/11/2021Orlando Magic - Washington Wizards,Orlando Magic - Washington Wizards,Orlando Magic,2.4,13/11/2021
13/11/2021Orlando Magic - Washington Wizards,Orlando Magic - Washington Wizards,Washington Wizards,1.55,13/11/2021
13/11/2021Phoenix Suns - Golden State Warriors,Phoenix Suns - Golden State Warriors,Phoenix Suns,1.57,13/11/2021
13/11/2021Phoenix Suns - Golden State Warriors,Phoenix Suns - Golden State Warriors,Golden State Warriors,2.32,13/11/2021
13/11/2021Utah Jazz - Dallas Mavericks,Utah Jazz - Dallas Mavericks,Dallas Mavericks,2.65,13/11/2021
13/11/2021Utah Jazz - Dallas Mavericks,Utah Jazz - Dallas Mavericks,Utah Jazz,1.44,13/11/2021
13/11/2021Utah Jazz - Miami Heat,Utah Jazz - Miami Heat,Miami Heat,3.3,13/11/2021
13/11/2021Utah Jazz - Miami Heat,Utah Jazz - Miami Heat,Utah Jazz,1.35,13/11/2021
14/11/2021Atlanta Hawks - Milwaukee Bucks,Atlanta Hawks - Milwaukee Bucks,Atlanta Hawks,1.78,14/11/2021
14/11/2021Atlanta Hawks - Milwaukee Bucks,Atlanta Hawks - Milwaukee Bucks,Milwaukee Bucks,2.0,14/11/2021
14/11/2021Charlotte Hornets - Golden State Warriors,Charlotte Hornets - Golden State Warriors,Charlotte Hornets,2.72,14/11/2021
14/11/2021Charlotte Hornets - Golden State Warriors,Charlotte Hornets - Golden State Warriors,Golden State Warriors,1.44,14/11/2021
14/11/2021Houston Rockets - Phoenix Suns,Houston Rockets - Phoenix Suns,Houston Rockets,4.3,14/11/2021
14/11/2021Houston Rockets - Phoenix Suns,Houston Rockets - Phoenix Suns,Phoenix Suns,1.21,14/11/2021
14/11/2021LA Clippers - Chicago Bulls,LA Clippers - Chicago Bulls,LA Clippers,1.58,14/11/2021
14/11/2021LA Clippers - Chicago Bulls,LA Clippers - Chicago Bulls,Chicago Bulls,2.34,14/11/2021
14/11/2021Los Angeles Lakers - Brooklyn Nets,Los Angeles Lakers - Brooklyn Nets,Brooklyn Nets,1.92,14/11/2021
14/11/2021Los Angeles Lakers - Brooklyn Nets,Los Angeles Lakers - Brooklyn Nets,Los Angeles Lakers,1.82,14/11/2021
14/11/2021Los Angeles Lakers - San Antonio Spurs,Los Angeles Lakers - San Antonio Spurs,Los Angeles Lakers,1.7,14/11/2021
14/11/2021Los Angeles Lakers - San Antonio Spurs,Los Angeles Lakers - San Antonio Spurs,San Antonio Spurs,2.12,14/11/2021
14/11/2021Milwaukee Bucks - Boston Celtics,Milwaukee Bucks - Boston Celtics,Milwaukee Bucks,1.32,14/11/2021
14/11/2021Milwaukee Bucks - Boston Celtics,Milwaukee Bucks - Boston Celtics,Boston Celtics,3.2,14/11/2021
14/11/2021New York Knicks - Atlanta Hawks,New York Knicks - Atlanta Hawks,New York Knicks,1.81,14/11/2021
14/11/2021New York Knicks - Atlanta Hawks,New York Knicks - Atlanta Hawks,Atlanta Hawks,1.93,14/11/2021
14/11/2021Oklahoma City Thunder - Brooklyn Nets,Oklahoma City Thunder - Brooklyn Nets,Brooklyn Nets,1.24,14/11/2021
14/11/2021Oklahoma City Thunder - Brooklyn Nets,Oklahoma City Thunder - Brooklyn Nets,Oklahoma City Thunder,3.95,14/11/2021
14/11/2021Phoenix Suns - Golden State Warriors,Phoenix Suns - Golden State Warriors,Phoenix Suns,1.58,14/11/2021
14/11/2021Phoenix Suns - Golden State Warriors,Phoenix Suns - Golden State Warriors,Golden State Warriors,2.29,14/11/2021
14/11/2021Utah Jazz - Dallas Mavericks,Utah Jazz - Dallas Mavericks,Utah Jazz,1.44,14/11/2021
14/11/2021Utah Jazz - Dallas Mavericks,Utah Jazz - Dallas Mavericks,Dallas Mavericks,2.65,14/11/2021
15/11/2021Atlanta Hawks - Orlando Magic,Atlanta Hawks - Orlando Magic,Atlanta Hawks,1.17,15/11/2021
15/11/2021Atlanta Hawks - Orlando Magic,Atlanta Hawks - Orlando Magic,Orlando Magic,4.85,15/11/2021
15/11/2021Cleveland Cavaliers - Boston Celtics,Cleveland Cavaliers - Boston Celtics,Cleveland Cavaliers,2.15,15/11/2021
15/11/2021Cleveland Cavaliers - Boston Celtics,Cleveland Cavaliers - Boston Celtics,Boston Celtics,1.68,15/11/2021
15/11/2021Dallas Mavericks - Denver Nuggets,Dallas Mavericks - Denver Nuggets,Dallas Mavericks,1.54,15/11/2021
15/11/2021Dallas Mavericks - Denver Nuggets,Dallas Mavericks - Denver Nuggets,Denver Nuggets,2.49,15/11/2021
15/11/2021Detroit Pistons - Sacramento,Detroit Pistons - Sacramento,Detroit Pistons,2.55,15/11/2021
15/11/2021Detroit Pistons - Sacramento,Detroit Pistons - Sacramento,Sacramento,1.5,15/11/2021
15/11/2021Los Angeles Lakers - Brooklyn Nets,Los Angeles Lakers - Brooklyn Nets,Brooklyn Nets,1.92,15/11/2021
15/11/2021Los Angeles Lakers - Brooklyn Nets,Los Angeles Lakers - Brooklyn Nets,Los Angeles Lakers,1.82,15/11/2021
15/11/2021Los Angeles Lakers - Chicago Bulls,Los Angeles Lakers - Chicago Bulls,Chicago Bulls,1.95,15/11/2021
15/11/2021Los Angeles Lakers - Chicago Bulls,Los Angeles Lakers - Chicago Bulls,Los Angeles Lakers,1.83,15/11/2021
15/11/2021Memphis Grizzlies - Houston Rockets,Memphis Grizzlies - Houston Rockets,Memphis Grizzlies,1.13,15/11/2021
15/11/2021Memphis Grizzlies - Houston Rockets,Memphis Grizzlies - Houston Rockets,Houston Rockets,5.8,15/11/2021
15/11/2021Milwaukee Bucks - Boston Celtics,Milwaukee Bucks - Boston Celtics,Boston Celtics,3.2,15/11/2021
15/11/2021Milwaukee Bucks - Boston Celtics,Milwaukee Bucks - Boston Celtics,Milwaukee Bucks,1.32,15/11/2021
15/11/2021Minnesota Timberwolves - Phoenix Suns,Minnesota Timberwolves - Phoenix Suns,Phoenix Suns,1.54,15/11/2021
15/11/2021Minnesota Timberwolves - Phoenix Suns,Minnesota Timberwolves - Phoenix Suns,Minnesota Timberwolves,2.49,15/11/2021
15/11/2021New York Knicks - Atlanta Hawks,New York Knicks - Atlanta Hawks,New York Knicks,1.81,15/11/2021
15/11/2021New York Knicks - Atlanta Hawks,New York Knicks - Atlanta Hawks,Atlanta Hawks,1.93,15/11/2021
15/11/2021New York Knicks - Indiana Pacers,New York Knicks - Indiana Pacers,Indiana Pacers,2.26,15/11/2021
15/11/2021New York Knicks - Indiana Pacers,New York Knicks - Indiana Pacers,New York Knicks,1.62,15/11/2021
15/11/2021Oklahoma City Thunder - Miami Heat,Oklahoma City Thunder - Miami Heat,Miami Heat,1.18,15/11/2021
15/11/2021Oklahoma City Thunder - Miami Heat,Oklahoma City Thunder - Miami Heat,Oklahoma City Thunder,4.8,15/11/2021
15/11/2021Phoenix Suns - Golden State Warriors,Phoenix Suns - Golden State Warriors,Phoenix Suns,1.58,15/11/2021
15/11/2021Phoenix Suns - Golden State Warriors,Phoenix Suns - Golden State Warriors,Golden State Warriors,2.29,15/11/2021
15/11/2021Portland Trail Blazers - Toronto Raptors,Portland Trail Blazers - Toronto Raptors,Portland Trail Blazers,1.76,15/11/2021
15/11/2021Portland Trail Blazers - Toronto Raptors,Portland Trail Blazers - Toronto Raptors,Toronto Raptors,2.04,15/11/2021
15/11/2021Utah Jazz - Dallas Mavericks,Utah Jazz - Dallas Mavericks,Utah Jazz,1.44,15/11/2021
15/11/2021Utah Jazz - Dallas Mavericks,Utah Jazz - Dallas Mavericks,Dallas Mavericks,2.65,15/11/2021
15/11/2021Washington Wizards - New Orleans Pelicans,Washington Wizards - New Orleans Pelicans,New Orleans Pelicans,2.2,15/11/2021
15/11/2021Washington Wizards - New Orleans Pelicans,Washington Wizards - New Orleans Pelicans,Washington Wizards,1.65,15/11/2021
16/11/2021Brooklyn Nets - Golden State Warriors,Brooklyn Nets - Golden State Warriors,Brooklyn Nets,1.65,16/11/2021
16/11/2021Brooklyn Nets - Golden State Warriors,Brooklyn Nets - Golden State Warriors,Golden State Warriors,2.3,16/11/2021
16/11/2021LA Clippers - San Antonio Spurs,LA Clippers - San Antonio Spurs,LA Clippers,1.31,16/11/2021
16/11/2021LA Clippers - San Antonio Spurs,LA Clippers - San Antonio Spurs,San Antonio Spurs,3.35,16/11/2021
16/11/2021Los Angeles Lakers - Brooklyn Nets,Los Angeles Lakers - Brooklyn Nets,Los Angeles Lakers,1.82,16/11/2021
16/11/2021Los Angeles Lakers - Brooklyn Nets,Los Angeles Lakers - Brooklyn Nets,Brooklyn Nets,1.92,16/11/2021
16/11/2021Milwaukee Bucks - Boston Celtics,Milwaukee Bucks - Boston Celtics,Milwaukee Bucks,1.32,16/11/2021
16/11/2021Milwaukee Bucks - Boston Celtics,Milwaukee Bucks - Boston Celtics,Boston Celtics,3.2,16/11/2021
16/11/2021New York Knicks - Atlanta Hawks,New York Knicks - Atlanta Hawks,New York Knicks,1.81,16/11/2021
16/11/2021New York Knicks - Atlanta Hawks,New York Knicks - Atlanta Hawks,Atlanta Hawks,1.93,16/11/2021
16/11/2021Phoenix Suns - Golden State Warriors,Phoenix Suns - Golden State Warriors,Phoenix Suns,1.58,16/11/2021
16/11/2021Phoenix Suns - Golden State Warriors,Phoenix Suns - Golden State Warriors,Golden State Warriors,2.29,16/11/2021
16/11/2021Utah Jazz - Dallas Mavericks,Utah Jazz - Dallas Mavericks,Utah Jazz,1.45,16/11/2021
16/11/2021Utah Jazz - Dallas Mavericks,Utah Jazz - Dallas Mavericks,Dallas Mavericks,2.62,16/11/2021
16/11/2021Utah Jazz - Philadelphia 76ers,Utah Jazz - Philadelphia 76ers,Utah Jazz,1.2,16/11/2021
16/11/2021Utah Jazz - Philadelphia 76ers,Utah Jazz - Philadelphia 76ers,Philadelphia 76ers,4.4,16/11/2021
18/11/2021Cleveland Cavaliers - Golden State Warriors,Cleveland Cavaliers - Golden State Warriors,Cleveland Cavaliers,4.0,18/11/2021
18/11/2021Cleveland Cavaliers - Golden State Warriors,Cleveland Cavaliers - Golden State Warriors,Golden State Warriors,1.23,18/11/2021
18/11/2021Denver Nuggets - Philadelphia 76ers,Denver Nuggets - Philadelphia 76ers,Philadelphia 76ers,3.65,18/11/2021
18/11/2021Denver Nuggets - Philadelphia 76ers,Denver Nuggets - Philadelphia 76ers,Denver Nuggets,1.27,18/11/2021
18/11/2021Los Angeles Lakers - Brooklyn Nets,Los Angeles Lakers - Brooklyn Nets,Brooklyn Nets,1.92,18/11/2021
18/11/2021Los Angeles Lakers - Brooklyn Nets,Los Angeles Lakers - Brooklyn Nets,Los Angeles Lakers,1.82,18/11/2021
18/11/2021Memphis Grizzlies - LA Clippers,Memphis Grizzlies - LA Clippers,Memphis Grizzlies,1.92,18/11/2021
18/11/2021Memphis Grizzlies - LA Clippers,Memphis Grizzlies - LA Clippers,LA Clippers,1.85,18/11/2021
18/11/2021Miami Heat - Washington Wizards,Miami Heat - Washington Wizards,Miami Heat,1.35,18/11/2021
18/11/2021Miami Heat - Washington Wizards,Miami Heat - Washington Wizards,Washington Wizards,3.15,18/11/2021
18/11/2021Milwaukee Bucks - Boston Celtics,Milwaukee Bucks - Boston Celtics,Milwaukee Bucks,1.33,18/11/2021
18/11/2021Milwaukee Bucks - Boston Celtics,Milwaukee Bucks - Boston Celtics,Boston Celtics,3.15,18/11/2021
18/11/2021Minnesota Timberwolves - San Antonio Spurs,Minnesota Timberwolves - San Antonio Spurs,Minnesota Timberwolves,1.72,18/11/2021
18/11/2021Minnesota Timberwolves - San Antonio Spurs,Minnesota Timberwolves - San Antonio Spurs,San Antonio Spurs,2.09,18/11/2021
18/11/2021New York Knicks - Atlanta Hawks,New York Knicks - Atlanta Hawks,New York Knicks,1.81,18/11/2021
18/11/2021New York Knicks - Atlanta Hawks,New York Knicks - Atlanta Hawks,Atlanta Hawks,1.93,18/11/2021
18/11/2021Phoenix Suns - Golden State Warriors,Phoenix Suns - Golden State Warriors,Phoenix Suns,1.6,18/11/2021
18/11/2021Phoenix Suns - Golden State Warriors,Phoenix Suns - Golden State Warriors,Golden State Warriors,2.25,18/11/2021
18/11/2021Utah Jazz - Dallas Mavericks,Utah Jazz - Dallas Mavericks,Dallas Mavericks,2.62,18/11/2021
18/11/2021Utah Jazz - Dallas Mavericks,Utah Jazz - Dallas Mavericks,Utah Jazz,1.45,18/11/2021
18/11/2021Utah Jazz - Toronto Raptors,Utah Jazz - Toronto Raptors,Toronto Raptors,4.9,18/11/2021
18/11/2021Utah Jazz - Toronto Raptors,Utah Jazz - Toronto Raptors,Utah Jazz,1.17,18/11/2021
19/11/2021Boston Celtics - Los Angeles Lakers,Boston Celtics - Los Angeles Lakers,Boston Celtics,1.74,19/11/2021
19/11/2021Boston Celtics - Los Angeles Lakers,Boston Celtics - Los Angeles Lakers,Los Angeles Lakers,2.06,19/11/2021
19/11/2021Brooklyn Nets - Orlando Magic,Brooklyn Nets - Orlando Magic,Orlando Magic,7.0,19/11/2021
19/11/2021Brooklyn Nets - Orlando Magic,Brooklyn Nets - Orlando Magic,Brooklyn Nets,1.09,19/11/2021
19/11/2021Charlotte Hornets - Indiana Pacers,Charlotte Hornets - Indiana Pacers,Charlotte Hornets,1.8,19/11/2021
19/11/2021Charlotte Hornets - Indiana Pacers,Charlotte Hornets - Indiana Pacers,Indiana Pacers,2.06,19/11/2021
19/11/2021Denver Nuggets - Chicago Bulls,Denver Nuggets - Chicago Bulls,Denver Nuggets,1.64,19/11/2021
19/11/2021Denver Nuggets - Chicago Bulls,Denver Nuggets - Chicago Bulls,Chicago Bulls,2.22,19/11/2021
19/11/2021Detroit Pistons - Golden State Warriors,Detroit Pistons - Golden State Warriors,Detroit Pistons,3.3,19/11/2021
19/11/2021Detroit Pistons - Golden State Warriors,Detroit Pistons - Golden State Warriors,Golden State Warriors,1.32,19/11/2021
19/11/2021Los Angeles Lakers - Brooklyn Nets,Los Angeles Lakers - Brooklyn Nets,Brooklyn Nets,1.89,19/11/2021
19/11/2021Los Angeles Lakers - Brooklyn Nets,Los Angeles Lakers - Brooklyn Nets,Los Angeles Lakers,1.85,19/11/2021
19/11/2021Milwaukee Bucks - Boston Celtics,Milwaukee Bucks - Boston Celtics,Milwaukee Bucks,1.33,19/11/2021
19/11/2021Milwaukee Bucks - Boston Celtics,Milwaukee Bucks - Boston Celtics,Boston Celtics,3.15,19/11/2021
19/11/2021Milwaukee Bucks - Oklahoma City Thunder,Milwaukee Bucks - Oklahoma City Thunder,Milwaukee Bucks,1.1,19/11/2021
19/11/2021Milwaukee Bucks - Oklahoma City Thunder,Milwaukee Bucks - Oklahoma City Thunder,Oklahoma City Thunder,6.55,19/11/2021
19/11/2021New Orleans Pelicans - LA Clippers,New Orleans Pelicans - LA Clippers,New Orleans Pelicans,2.32,19/11/2021
19/11/2021New Orleans Pelicans - LA Clippers,New Orleans Pelicans - LA Clippers,LA Clippers,1.59,19/11/2021
19/11/2021New York Knicks - Atlanta Hawks,New York Knicks - Atlanta Hawks,New York Knicks,1.81,19/11/2021
19/11/2021New York Knicks - Atlanta Hawks,New York Knicks - Atlanta Hawks,Atlanta Hawks,1.93,19/11/2021
19/11/2021Phoenix Suns - Dallas Mavericks,Phoenix Suns - Dallas Mavericks,Phoenix Suns,1.23,19/11/2021
19/11/2021Phoenix Suns - Dallas Mavericks,Phoenix Suns - Dallas Mavericks,Dallas Mavericks,4.1,19/11/2021
19/11/2021Phoenix Suns - Golden State Warriors,Phoenix Suns - Golden State Warriors,Phoenix Suns,1.6,19/11/2021
19/11/2021Phoenix Suns - Golden State Warriors,Phoenix Suns - Golden State Warriors,Golden State Warriors,2.25,19/11/2021
19/11/2021Sacramento - Toronto Raptors,Sacramento - Toronto Raptors,Toronto Raptors,2.27,19/11/2021
19/11/2021Sacramento - Toronto Raptors,Sacramento - Toronto Raptors,Sacramento,1.62,19/11/2021
19/11/2021Utah Jazz - Dallas Mavericks,Utah Jazz - Dallas Mavericks,Utah Jazz,1.45,19/11/2021
19/11/2021Utah Jazz - Dallas Mavericks,Utah Jazz - Dallas Mavericks,Dallas Mavericks,2.62,19/11/2021
20/11/2021Atlanta Hawks - Charlotte Hornets,Atlanta Hawks - Charlotte Hornets,Atlanta Hawks,1.38,20/11/2021
20/11/2021Atlanta Hawks - Charlotte Hornets,Atlanta Hawks - Charlotte Hornets,Charlotte Hornets,3.05,20/11/2021
20/11/2021Boston Celtics - Oklahoma City Thunder,Boston Celtics - Oklahoma City Thunder,Boston Celtics,1.13,20/11/2021
20/11/2021Boston Celtics - Oklahoma City Thunder,Boston Celtics - Oklahoma City Thunder,Oklahoma City Thunder,5.6,20/11/2021
20/11/2021Indiana Pacers - New Orleans Pelicans,Indiana Pacers - New Orleans Pelicans,Indiana Pacers,1.29,20/11/2021
20/11/2021Indiana Pacers - New Orleans Pelicans,Indiana Pacers - New Orleans Pelicans,New Orleans Pelicans,3.55,20/11/2021
20/11/2021Los Angeles Lakers - Brooklyn Nets,Los Angeles Lakers - Brooklyn Nets,Brooklyn Nets,1.89,20/11/2021
20/11/2021Los Angeles Lakers - Brooklyn Nets,Los Angeles Lakers - Brooklyn Nets,Los Angeles Lakers,1.85,20/11/2021
20/11/2021Milwaukee Bucks - Boston Celtics,Milwaukee Bucks - Boston Celtics,Boston Celtics,3.15,20/11/2021
20/11/2021Milwaukee Bucks - Boston Celtics,Milwaukee Bucks - Boston Celtics,Milwaukee Bucks,1.33,20/11/2021
20/11/2021Milwaukee Bucks - Orlando Magic,Milwaukee Bucks - Orlando Magic,Milwaukee Bucks,1.12,20/11/2021
20/11/2021Milwaukee Bucks - Orlando Magic,Milwaukee Bucks - Orlando Magic,Orlando Magic,6.0,20/11/2021
20/11/2021Minnesota Timberwolves - Memphis Grizzlies,Minnesota Timberwolves - Memphis Grizzlies,Memphis Grizzlies,1.95,20/11/2021
20/11/2021Minnesota Timberwolves - Memphis Grizzlies,Minnesota Timberwolves - Memphis Grizzlies,Minnesota Timberwolves,1.82,20/11/2021
20/11/2021New York Knicks - Atlanta Hawks,New York Knicks - Atlanta Hawks,Atlanta Hawks,1.93,20/11/2021
20/11/2021New York Knicks - Atlanta Hawks,New York Knicks - Atlanta Hawks,New York Knicks,1.81,20/11/2021
20/11/2021New York Knicks - Houston Rockets,New York Knicks - Houston Rockets,New York Knicks,1.12,20/11/2021
20/11/2021New York Knicks - Houston Rockets,New York Knicks - Houston Rockets,Houston Rockets,6.0,20/11/2021
20/11/2021Phoenix Suns - Golden State Warriors,Phoenix Suns - Golden State Warriors,Phoenix Suns,1.6,20/11/2021
20/11/2021Phoenix Suns - Golden State Warriors,Phoenix Suns - Golden State Warriors,Golden State Warriors,2.25,20/11/2021
20/11/2021Portland Trail Blazers - Philadelphia 76ers,Portland Trail Blazers - Philadelphia 76ers,Philadelphia 76ers,3.0,20/11/2021
20/11/2021Portland Trail Blazers - Philadelphia 76ers,Portland Trail Blazers - Philadelphia 76ers,Portland Trail Blazers,1.38,20/11/2021
20/11/2021Sacramento - Utah Jazz,Sacramento - Utah Jazz,Utah Jazz,1.33,20/11/2021
20/11/2021Sacramento - Utah Jazz,Sacramento - Utah Jazz,Sacramento,3.35,20/11/2021
20/11/2021Utah Jazz - Dallas Mavericks,Utah Jazz - Dallas Mavericks,Utah Jazz,1.45,20/11/2021
20/11/2021Utah Jazz - Dallas Mavericks,Utah Jazz - Dallas Mavericks,Dallas Mavericks,2.62,20/11/2021
20/11/2021Washington Wizards - Miami Heat,Washington Wizards - Miami Heat,Miami Heat,1.75,20/11/2021
20/11/2021Washington Wizards - Miami Heat,Washington Wizards - Miami Heat,Washington Wizards,2.05,20/11/2021
21/11/2021Chicago Bulls - New York Knicks,Chicago Bulls - New York Knicks,Chicago Bulls,1.46,21/11/2021
21/11/2021Chicago Bulls - New York Knicks,Chicago Bulls - New York Knicks,New York Knicks,2.65,21/11/2021
21/11/2021Detroit Pistons - Los Angeles Lakers,Detroit Pistons - Los Angeles Lakers,Detroit Pistons,3.45,21/11/2021
21/11/2021Detroit Pistons - Los Angeles Lakers,Detroit Pistons - Los Angeles Lakers,Los Angeles Lakers,1.3,21/11/2021
21/11/2021Golden State Warriors - Toronto Raptors,Golden State Warriors - Toronto Raptors,Toronto Raptors,3.55,21/11/2021
21/11/2021Golden State Warriors - Toronto Raptors,Golden State Warriors - Toronto Raptors,Golden State Warriors,1.28,21/11/2021
21/11/2021LA Clippers - Dallas Mavericks,LA Clippers - Dallas Mavericks,LA Clippers,1.6,21/11/2021
21/11/2021LA Clippers - Dallas Mavericks,LA Clippers - Dallas Mavericks,Dallas Mavericks,2.29,21/11/2021
21/11/2021Los Angeles Lakers - Brooklyn Nets,Los Angeles Lakers - Brooklyn Nets,Los Angeles Lakers,1.85,21/11/2021
21/11/2021Los Angeles Lakers - Brooklyn Nets,Los Angeles Lakers - Brooklyn Nets,Brooklyn Nets,1.89,21/11/2021
21/11/2021Milwaukee Bucks - Boston Celtics,Milwaukee Bucks - Boston Celtics,Milwaukee Bucks,1.33,21/11/2021
21/11/2021Milwaukee Bucks - Boston Celtics,Milwaukee Bucks - Boston Celtics,Boston Celtics,3.15,21/11/2021
21/11/2021New York Knicks - Atlanta Hawks,New York Knicks - Atlanta Hawks,New York Knicks,1.81,21/11/2021
21/11/2021New York Knicks - Atlanta Hawks,New York Knicks - Atlanta Hawks,Atlanta Hawks,1.93,21/11/2021
21/11/2021Phoenix Suns - Denver Nuggets,Phoenix Suns - Denver Nuggets,Denver Nuggets,3.6,21/11/2021
21/11/2021Phoenix Suns - Denver Nuggets,Phoenix Suns - Denver Nuggets,Phoenix Suns,1.28,21/11/2021
21/11/2021Phoenix Suns - Golden State Warriors,Phoenix Suns - Golden State Warriors,Phoenix Suns,1.6,21/11/2021
21/11/2021Phoenix Suns - Golden State Warriors,Phoenix Suns - Golden State Warriors,Golden State Warriors,2.25,21/11/2021
21/11/2021Utah Jazz - Dallas Mavericks,Utah Jazz - Dallas Mavericks,Utah Jazz,1.45,21/11/2021
21/11/2021Utah Jazz - Dallas Mavericks,Utah Jazz - Dallas Mavericks,Dallas Mavericks,2.62,21/11/2021
22/11/2021Atlanta Hawks - Oklahoma City Thunder,Atlanta Hawks - Oklahoma City Thunder,Atlanta Hawks,1.13,22/11/2021
22/11/2021Atlanta Hawks - Oklahoma City Thunder,Atlanta Hawks - Oklahoma City Thunder,Oklahoma City Thunder,5.85,22/11/2021
22/11/2021Boston Celtics - Houston Rockets,Boston Celtics - Houston Rockets,Boston Celtics,1.1,22/11/2021
22/11/2021Boston Celtics - Houston Rockets,Boston Celtics - Houston Rockets,Houston Rockets,6.65,22/11/2021
22/11/2021Chicago Bulls - Indiana Pacers,Chicago Bulls - Indiana Pacers,Chicago Bulls,1.51,22/11/2021
22/11/2021Chicago Bulls - Indiana Pacers,Chicago Bulls - Indiana Pacers,Indiana Pacers,2.52,22/11/2021
22/11/2021Cleveland Cavaliers - Brooklyn Nets,Cleveland Cavaliers - Brooklyn Nets,Cleveland Cavaliers,3.5,22/11/2021
22/11/2021Cleveland Cavaliers - Brooklyn Nets,Cleveland Cavaliers - Brooklyn Nets,Brooklyn Nets,1.29,22/11/2021
22/11/2021Los Angeles Lakers - Brooklyn Nets,Los Angeles Lakers - Brooklyn Nets,Brooklyn Nets,1.89,22/11/2021
22/11/2021Los Angeles Lakers - Brooklyn Nets,Los Angeles Lakers - Brooklyn Nets,Los Angeles Lakers,1.85,22/11/2021
22/11/2021Milwaukee Bucks - Boston Celtics,Milwaukee Bucks - Boston Celtics,Milwaukee Bucks,1.33,22/11/2021
22/11/2021Milwaukee Bucks - Boston Celtics,Milwaukee Bucks - Boston Celtics,Boston Celtics,3.15,22/11/2021
22/11/2021Milwaukee Bucks - Orlando Magic,Milwaukee Bucks - Orlando Magic,Milwaukee Bucks,1.1,22/11/2021
22/11/2021Milwaukee Bucks - Orlando Magic,Milwaukee Bucks - Orlando Magic,Orlando Magic,6.8,22/11/2021
22/11/2021New Orleans Pelicans - Minnesota Timberwolves,New Orleans Pelicans - Minnesota Timberwolves,Minnesota Timberwolves,1.63,22/11/2021
22/11/2021New Orleans Pelicans - Minnesota Timberwolves,New Orleans Pelicans - Minnesota Timberwolves,New Orleans Pelicans,2.25,22/11/2021
22/11/2021New York Knicks - Atlanta Hawks,New York Knicks - Atlanta Hawks,New York Knicks,1.81,22/11/2021
22/11/2021New York Knicks - Atlanta Hawks,New York Knicks - Atlanta Hawks,Atlanta Hawks,1.93,22/11/2021
22/11/2021Phoenix Suns - Golden State Warriors,Phoenix Suns - Golden State Warriors,Golden State Warriors,2.25,22/11/2021
22/11/2021Phoenix Suns - Golden State Warriors,Phoenix Suns - Golden State Warriors,Phoenix Suns,1.6,22/11/2021
22/11/2021Sacramento - Philadelphia 76ers,Sacramento - Philadelphia 76ers,Sacramento,1.67,22/11/2021
22/11/2021Sacramento - Philadelphia 76ers,Sacramento - Philadelphia 76ers,Philadelphia 76ers,2.17,22/11/2021
22/11/2021San Antonio Spurs - Phoenix Suns,San Antonio Spurs - Phoenix Suns,San Antonio Spurs,3.0,22/11/2021
22/11/2021San Antonio Spurs - Phoenix Suns,San Antonio Spurs - Phoenix Suns,Phoenix Suns,1.38,22/11/2021
22/11/2021Utah Jazz - Dallas Mavericks,Utah Jazz - Dallas Mavericks,Utah Jazz,1.45,22/11/2021
22/11/2021Utah Jazz - Dallas Mavericks,Utah Jazz - Dallas Mavericks,Dallas Mavericks,2.62,22/11/2021
22/11/2021Utah Jazz - Memphis Grizzlies,Utah Jazz - Memphis Grizzlies,Utah Jazz,1.16,22/11/2021
22/11/2021Utah Jazz - Memphis Grizzlies,Utah Jazz - Memphis Grizzlies,Memphis Grizzlies,5.0,22/11/2021
22/11/2021Washington Wizards - Charlotte Hornets,Washington Wizards - Charlotte Hornets,Charlotte Hornets,2.44,22/11/2021
22/11/2021Washington Wizards - Charlotte Hornets,Washington Wizards - Charlotte Hornets,Washington Wizards,1.54,22/11/2021
23/11/2021Detroit Pistons - Miami Heat,Detroit Pistons - Miami Heat,Detroit Pistons,4.0,23/11/2021
23/11/2021Detroit Pistons - Miami Heat,Detroit Pistons - Miami Heat,Miami Heat,1.24,23/11/2021
23/11/2021LA Clippers - Dallas Mavericks,LA Clippers - Dallas Mavericks,LA Clippers,1.6,23/11/2021
23/11/2021LA Clippers - Dallas Mavericks,LA Clippers - Dallas Mavericks,Dallas Mavericks,2.36,23/11/2021
23/11/2021Los Angeles Lakers - Brooklyn Nets,Los Angeles Lakers - Brooklyn Nets,Brooklyn Nets,1.89,23/11/2021
23/11/2021Los Angeles Lakers - Brooklyn Nets,Los Angeles Lakers - Brooklyn Nets,Los Angeles Lakers,1.85,23/11/2021
23/11/2021Milwaukee Bucks - Boston Celtics,Milwaukee Bucks - Boston Celtics,Boston Celtics,3.15,23/11/2021
23/11/2021Milwaukee Bucks - Boston Celtics,Milwaukee Bucks - Boston Celtics,Milwaukee Bucks,1.33,23/11/2021
23/11/2021New York Knicks - Atlanta Hawks,New York Knicks - Atlanta Hawks,Atlanta Hawks,1.93,23/11/2021
23/11/2021New York Knicks - Atlanta Hawks,New York Knicks - Atlanta Hawks,New York Knicks,1.81,23/11/2021
23/11/2021New York Knicks - Los Angeles Lakers,New York Knicks - Los Angeles Lakers,Los Angeles Lakers,3.05,23/11/2021
23/11/2021New York Knicks - Los Angeles Lakers,New York Knicks - Los Angeles Lakers,New York Knicks,1.37,23/11/2021
23/11/2021Phoenix Suns - Golden State Warriors,Phoenix Suns - Golden State Warriors,Phoenix Suns,1.6,23/11/2021
23/11/2021Phoenix Suns - Golden State Warriors,Phoenix Suns - Golden State Warriors,Golden State Warriors,2.25,23/11/2021
23/11/2021Portland Trail Blazers - Denver Nuggets,Portland Trail Blazers - Denver Nuggets,Denver Nuggets,3.15,23/11/2021
23/11/2021Portland Trail Blazers - Denver Nuggets,Portland Trail Blazers - Denver Nuggets,Portland Trail Blazers,1.35,23/11/2021
23/11/2021Utah Jazz - Dallas Mavericks,Utah Jazz - Dallas Mavericks,Utah Jazz,1.45,23/11/2021
23/11/2021Utah Jazz - Dallas Mavericks,Utah Jazz - Dallas Mavericks,Dallas Mavericks,2.62,23/11/2021
24/11/2021Boston Celtics - Brooklyn Nets,Boston Celtics - Brooklyn Nets,Brooklyn Nets,1.93,24/11/2021
24/11/2021Boston Celtics - Brooklyn Nets,Boston Celtics - Brooklyn Nets,Boston Celtics,1.88,24/11/2021
24/11/2021Cleveland Cavaliers - Phoenix Suns,Cleveland Cavaliers - Phoenix Suns,Cleveland Cavaliers,3.55,24/11/2021
24/11/2021Cleveland Cavaliers - Phoenix Suns,Cleveland Cavaliers - Phoenix Suns,Phoenix Suns,1.3,24/11/2021
24/11/2021Golden State Warriors - Philadelphia 76ers,Golden State Warriors - Philadelphia 76ers,Philadelphia 76ers,4.95,24/11/2021
24/11/2021Golden State Warriors - Philadelphia 76ers,Golden State Warriors - Philadelphia 76ers,Golden State Warriors,1.17,24/11/2021
24/11/2021Houston Rockets - Chicago Bulls,Houston Rockets - Chicago Bulls,Houston Rockets,5.35,24/11/2021
24/11/2021Houston Rockets - Chicago Bulls,Houston Rockets - Chicago Bulls,Chicago Bulls,1.15,24/11/2021
24/11/2021Indiana Pacers - Los Angeles Lakers,Indiana Pacers - Los Angeles Lakers,Los Angeles Lakers,2.7,24/11/2021
24/11/2021Indiana Pacers - Los Angeles Lakers,Indiana Pacers - Los Angeles Lakers,Indiana Pacers,1.45,24/11/2021
24/11/2021Los Angeles Lakers - Brooklyn Nets,Los Angeles Lakers - Brooklyn Nets,Brooklyn Nets,1.89,24/11/2021
24/11/2021Los Angeles Lakers - Brooklyn Nets,Los Angeles Lakers - Brooklyn Nets,Los Angeles Lakers,1.85,24/11/2021
24/11/2021Memphis Grizzlies - Toronto Raptors,Memphis Grizzlies - Toronto Raptors,Memphis Grizzlies,1.64,24/11/2021
24/11/2021Memphis Grizzlies - Toronto Raptors,Memphis Grizzlies - Toronto Raptors,Toronto Raptors,2.22,24/11/2021
24/11/2021Milwaukee Bucks - Boston Celtics,Milwaukee Bucks - Boston Celtics,Boston Celtics,3.15,24/11/2021
24/11/2021Milwaukee Bucks - Boston Celtics,Milwaukee Bucks - Boston Celtics,Milwaukee Bucks,1.33,24/11/2021
24/11/2021Milwaukee Bucks - Detroit Pistons,Milwaukee Bucks - Detroit Pistons,Milwaukee Bucks,1.05,24/11/2021
24/11/2021Milwaukee Bucks - Detroit Pistons,Milwaukee Bucks - Detroit Pistons,Detroit Pistons,9.0,24/11/2021
24/11/2021Minnesota Timberwolves - Miami Heat,Minnesota Timberwolves - Miami Heat,Minnesota Timberwolves,1.9,24/11/2021
24/11/2021Minnesota Timberwolves - Miami Heat,Minnesota Timberwolves - Miami Heat,Miami Heat,1.88,24/11/2021
24/11/2021New Orleans Pelicans - Washington Wizards,New Orleans Pelicans - Washington Wizards,Washington Wizards,1.54,24/11/2021
24/11/2021New Orleans Pelicans - Washington Wizards,New Orleans Pelicans - Washington Wizards,New Orleans Pelicans,2.44,24/11/2021
24/11/2021New York Knicks - Atlanta Hawks,New York Knicks - Atlanta Hawks,New York Knicks,1.81,24/11/2021
24/11/2021New York Knicks - Atlanta Hawks,New York Knicks - Atlanta Hawks,Atlanta Hawks,1.93,24/11/2021
24/11/2021Oklahoma City Thunder - Utah Jazz,Oklahoma City Thunder - Utah Jazz,Utah Jazz,1.07,24/11/2021
24/11/2021Oklahoma City Thunder - Utah Jazz,Oklahoma City Thunder - Utah Jazz,Oklahoma City Thunder,8.0,24/11/2021
24/11/2021Orlando Magic - Charlotte Hornets,Orlando Magic - Charlotte Hornets,Charlotte Hornets,1.29,24/11/2021
24/11/2021Orlando Magic - Charlotte Hornets,Orlando Magic - Charlotte Hornets,Orlando Magic,3.5,24/11/2021
24/11/2021Phoenix Suns - Golden State Warriors,Phoenix Suns - Golden State Warriors,Phoenix Suns,1.6,24/11/2021
24/11/2021Phoenix Suns - Golden State Warriors,Phoenix Suns - Golden State Warriors,Golden State Warriors,2.25,24/11/2021
24/11/2021Sacramento - Portland Trail Blazers,Sacramento - Portland Trail Blazers,Sacramento,2.01,24/11/2021
24/11/2021Sacramento - Portland Trail Blazers,Sacramento - Portland Trail Blazers,Portland Trail Blazers,1.78,24/11/2021
24/11/2021San Antonio Spurs - Atlanta Hawks,San Antonio Spurs - Atlanta Hawks,Atlanta Hawks,1.57,24/11/2021
24/11/2021San Antonio Spurs - Atlanta Hawks,San Antonio Spurs - Atlanta Hawks,San Antonio Spurs,2.37,24/11/2021
24/11/2021Utah Jazz - Dallas Mavericks,Utah Jazz - Dallas Mavericks,Utah Jazz,1.45,24/11/2021
24/11/2021Utah Jazz - Dallas Mavericks,Utah Jazz - Dallas Mavericks,Dallas Mavericks,2.62,24/11/2021
