n,IdGame,Date,Home,Away,Bet,Odd,MaProba,UnibetProba,DiffProba,DateD,Week
10.0,2703029_1,2023-04-01 20:45:00,Juventus,Hellas Verone,"P5,5",18.2,0.15,0.054945054945054944,2.73,2023-04-01,2023W13
10.0,2713438_1,2023-04-02 15:00:00,Nantes,Reims,"M0,5",9.0,0.30000000000000004,0.1111111111111111,2.7000000000000006,2023-04-02,2023W13
10.0,2691601_1,2023-04-01 16:15:00,Athletic Club,Getafe,"D/A&P4,5",52.5,0.05,0.01904761904761905,2.625,2023-04-01,2023W13
10.0,2703029_1,2023-04-01 20:45:00,Juventus,Hellas Verone,"D/A&P4,5",52.5,0.05,0.01904761904761905,2.625,2023-04-01,2023W13
10.0,2703039_1,2023-04-02 18:00:00,AS Rome,Sampdoria,"D/A&P4,5",52.5,0.05,0.01904761904761905,2.625,2023-04-02,2023W13
10.0,2713432_1,2023-04-02 17:05:00,Monaco,Strasbourg,"D/A&P4,5",25.725,0.1,0.038872691933916424,2.5725000000000002,2023-04-02,2023W13
10.0,2717835_1,2023-04-01 03:05:00,Necaxa,Santos,"P5,5",12.8,0.2,0.078125,2.56,2023-04-01,2023W13
10.0,2713299_1,2023-04-01 17:00:00,Auxerre,Troyes,"D/A&P4,5",16.8,0.15000000000000002,0.05952380952380952,2.5200000000000005,2023-04-01,2023W13
10.0,2691595_1,2023-03-31 21:00:00,Majorque,Osasuna,"P5,5",50.0,0.05,0.02,2.5,2023-03-31,2023W13
10.0,2647390_1,2023-04-01 16:00:00,Coventry City,Stoke City,"P5,5",16.5,0.15000000000000002,0.06060606060606061,2.475,2023-04-01,2023W13
10.0,2691597_1,2023-04-01 21:00:00,Elche,Barcelona,"H/A&M1,5",4.9350000000000005,0.5,0.20263424518743667,2.4675000000000002,2023-04-01,2023W13
10.0,2713422_1,2023-03-31 21:00:00,Marseille,Montpellier,A,5.95,0.4,0.1680672268907563,2.3800000000000003,2023-03-31,2023W13
10.0,2703461_1,2023-04-02 21:00:00,Atletico Madrid,Real Betis,"D/A&P4,5",24.150000000000002,0.09090909090909091,0.041407867494824016,2.1954545454545453,2023-04-02,2023W13
10.0,2647385_1,2023-04-01 18:30:00,Chelsea,Aston Villa,D/A&LDEMP,5.460000000000001,0.4,0.1831501831501831,2.1840000000000006,2023-04-01,2023W13
10.0,2713299_1,2023-04-01 17:00:00,Auxerre,Troyes,"H/A&P4,5",6.1425,0.35,0.1628001628001628,2.1498749999999998,2023-04-01,2023W13
10.0,2647390_1,2023-04-01 16:00:00,Coventry City,Stoke City,"D/A&P4,5",14.175,0.15000000000000002,0.07054673721340388,2.1262500000000006,2023-04-01,2023W13
10.0,2691594_1,2023-04-02 16:15:00,Real Madrid,Valladolid,"D/A&P4,5",42.0,0.05,0.023809523809523808,2.1,2023-04-02,2023W13
10.0,2691597_1,2023-04-01 21:00:00,Elche,Barcelona,"D/A&M1,5",4.5675,0.44999999999999996,0.21893814997263272,2.0553749999999997,2023-04-01,2023W13
10.0,2713299_1,2023-04-01 17:00:00,Auxerre,Troyes,"P4,5",5.8,0.35,0.1724137931034483,2.03,2023-04-01,2023W13
10.0,2717835_1,2023-04-01 03:05:00,Necaxa,Santos,"H/D&P4,5",10.1325,0.2,0.09869232667160129,2.0265,2023-04-01,2023W13
10.0,2713438_1,2023-04-02 15:00:00,Nantes,Reims,"D/A&M1,5",4.4625,0.44999999999999996,0.22408963585434172,2.008125,2023-04-02,2023W13
10.0,2713422_1,2023-03-31 21:00:00,Marseille,Montpellier,D/A&LDEMP,6.6674999999999995,0.30000000000000004,0.14998125234345708,2.0002500000000003,2023-03-31,2023W13
10.0,2713438_1,2023-04-02 15:00:00,Nantes,Reims,D,3.05,0.65,0.3278688524590164,1.9825,2023-04-02,2023W13
10.0,2713432_1,2023-04-02 17:05:00,Monaco,Strasbourg,"D/A&P3,5",9.765,0.2,0.10240655401945724,1.9530000000000003,2023-04-02,2023W13
10.0,2647385_1,2023-04-01 18:30:00,Chelsea,Aston Villa,A,5.55,0.35,0.1801801801801802,1.9424999999999997,2023-04-01,2023W13
10.0,2713432_1,2023-04-02 17:05:00,Monaco,Strasbourg,"D/A&P2,5",6.4575000000000005,0.30000000000000004,0.15485869144405728,1.9372500000000004,2023-04-02,2023W13
10.0,2647371_1,2023-04-01 16:00:00,Bournemouth,Fulham,"D/A&P4,5",9.66,0.2,0.10351966873706003,1.9320000000000002,2023-04-01,2023W13
10.0,2713440_1,2023-04-01 15:30:00,Union Berlin,Stuttgart,"H/D&P2,5",2.961,0.65,0.33772374197906113,1.92465,2023-04-01,2023W13
10.0,2647385_1,2023-04-01 18:30:00,Chelsea,Aston Villa,"D/A&M1,5",6.405,0.30000000000000004,0.156128024980484,1.9215000000000002,2023-04-01,2023W13
10.0,2647373_1,2023-04-01 16:00:00,Brighton,Brentford,D/A&LDEMP,5.460000000000001,0.35,0.1831501831501831,1.9110000000000003,2023-04-01,2023W13
10.0,2717835_1,2023-04-01 03:05:00,Necaxa,Santos,"H/D&P3,5",4.7250000000000005,0.4,0.21164021164021163,1.8900000000000001,2023-04-01,2023W13
10.0,2647392_1,2023-04-01 16:00:00,West Bromwich,Millwall,"H/A&M1,5",3.7590000000000003,0.5,0.2660281989890928,1.8795000000000004,2023-04-01,2023W13
10.0,2647385_1,2023-04-01 18:30:00,Chelsea,Aston Villa,"D/A&M2,5",3.4125,0.55,0.29304029304029305,1.876875,2023-04-01,2023W13
10.0,2691594_1,2023-04-02 16:15:00,Real Madrid,Valladolid,"D/A&M2,5",6.1425,0.30000000000000004,0.1628001628001628,1.8427500000000003,2023-04-02,2023W13
10.0,2691597_1,2023-04-01 21:00:00,Elche,Barcelona,"M1,5",3.65,0.5,0.273972602739726,1.8250000000000002,2023-04-01,2023W13
10.0,2713433_1,2023-04-02 20:45:00,Paris SG,Lyon,"P5,5",7.5,0.2409090909090909,0.13333333333333333,1.8068181818181819,2023-04-02,2023W13
10.0,2713438_1,2023-04-02 15:00:00,Nantes,Reims,"H/D&M1,5",4.515,0.4,0.221483942414175,1.806,2023-04-02,2023W13
10.0,2647387_1,2023-04-02 17:30:00,Newcastle,Manchester United,"P5,5",12.0,0.15000000000000002,0.08333333333333333,1.8000000000000003,2023-04-02,2023W13
10.0,2703039_1,2023-04-02 18:00:00,AS Rome,Sampdoria,A,7.15,0.25,0.13986013986013984,1.7875000000000003,2023-04-02,2023W13
10.0,2647373_1,2023-04-01 16:00:00,Brighton,Brentford,"M0,5",11.8,0.15000000000000002,0.0847457627118644,1.7700000000000002,2023-04-01,2023W13
10.0,2691601_1,2023-04-01 16:15:00,Athletic Club,Getafe,A,5.85,0.30000000000000004,0.17094017094017094,1.7550000000000001,2023-04-01,2023W13
10.0,2647382_1,2023-04-01 16:00:00,Arsenal,Leeds United,"M0,5",17.5,0.1,0.05714285714285714,1.7500000000000002,2023-04-01,2023W13
10.0,2647392_1,2023-04-01 16:00:00,West Bromwich,Millwall,"H/A&M2,5",2.4885,0.7,0.40184850311432585,1.74195,2023-04-01,2023W13
10.0,2717835_1,2023-04-01 03:05:00,Necaxa,Santos,"D/A&P4,5",8.6625,0.2,0.11544011544011544,1.7325000000000002,2023-04-01,2023W13
10.0,2647387_1,2023-04-02 17:30:00,Newcastle,Manchester United,"H/D&P4,5",8.6625,0.2,0.11544011544011544,1.7325000000000002,2023-04-02,2023W13
10.0,2713440_1,2023-04-01 15:30:00,Union Berlin,Stuttgart,"H/D&P3,5",4.9350000000000005,0.35,0.20263424518743667,1.72725,2023-04-01,2023W13
10.0,2703039_1,2023-04-02 18:00:00,AS Rome,Sampdoria,"P5,5",17.2,0.1,0.05813953488372093,1.7200000000000002,2023-04-02,2023W13
10.0,2647373_1,2023-04-01 16:00:00,Brighton,Brentford,A,4.9,0.35,0.2040816326530612,1.715,2023-04-01,2023W13
10.0,2647385_1,2023-04-01 18:30:00,Chelsea,Aston Villa,"D/A&M3,5",2.8560000000000003,0.6,0.35014005602240894,1.7136,2023-04-01,2023W13
10.0,2713299_1,2023-04-01 17:00:00,Auxerre,Troyes,"H/A&P3,5",3.801,0.44999999999999996,0.26308866087871613,1.7104499999999998,2023-04-01,2023W13
10.0,2691608_1,2023-04-01 14:00:00,Gerone,Espanyol,"P5,5",17.0,0.1,0.058823529411764705,1.7000000000000002,2023-04-01,2023W13
10.0,2647392_1,2023-04-01 16:00:00,West Bromwich,Millwall,H/A&LDEMP,2.0895,0.8,0.4785833931562574,1.6716000000000002,2023-04-01,2023W13
10.0,2713422_1,2023-03-31 21:00:00,Marseille,Montpellier,"D/A&M3,5",3.3390000000000004,0.5,0.2994908655286013,1.6695000000000002,2023-03-31,2023W13
10.0,2697701_1,2023-04-02 15:30:00,Cologne,Borussia Monchengladbach,"H/D&P4,5",6.6674999999999995,0.25,0.14998125234345708,1.6668749999999999,2023-04-02,2023W13
10.0,2647373_1,2023-04-01 16:00:00,Brighton,Brentford,"D/A&M1,5",6.615,0.25,0.15117157974300832,1.6537499999999998,2023-04-01,2023W13
10.0,2697702_1,2023-03-31 20:30:00,Eintracht Frankfurt,Bochum,"P5,5",11.0,0.15000000000000002,0.09090909090909091,1.6500000000000001,2023-03-31,2023W13
10.0,2691594_1,2023-04-02 16:15:00,Real Madrid,Valladolid,"D/A&M3,5",5.407500000000001,0.30000000000000004,0.18492834026814609,1.6222500000000004,2023-04-02,2023W13
10.0,2717835_1,2023-04-01 03:05:00,Necaxa,Santos,"P4,5",5.4,0.30000000000000004,0.18518518518518517,1.6200000000000003,2023-04-01,2023W13
10.0,2713438_1,2023-04-02 15:00:00,Nantes,Reims,"D/A&M2,5",2.3100000000000005,0.7,0.4329004329004328,1.6170000000000004,2023-04-02,2023W13
10.0,2647371_1,2023-04-01 16:00:00,Bournemouth,Fulham,"H/A&P4,5",6.4575000000000005,0.25,0.15485869144405728,1.6143750000000001,2023-04-01,2023W13
10.0,2713440_1,2023-04-01 15:30:00,Union Berlin,Stuttgart,"H/D&P1,5",1.785,0.9,0.5602240896358543,1.6065,2023-04-01,2023W13
10.0,2713422_1,2023-03-31 21:00:00,Marseille,Montpellier,"D/A&M4,5",2.6774999999999998,0.6,0.3734827264239029,1.6064999999999998,2023-03-31,2023W13
10.0,2703461_1,2023-04-02 21:00:00,Atletico Madrid,Real Betis,A,4.9,0.32727272727272727,0.2040816326530612,1.6036363636363637,2023-04-02,2023W13
10.0,2713433_1,2023-04-02 20:45:00,Paris SG,Lyon,"D/A&P4,5",17.64,0.09090909090909091,0.056689342403628114,1.6036363636363637,2023-04-02,2023W13
10.0,2703039_1,2023-04-02 18:00:00,AS Rome,Sampdoria,"D/A&P3,5",15.959999999999999,0.1,0.06265664160401004,1.5959999999999999,2023-04-02,2023W13
10.0,2691601_1,2023-04-01 16:15:00,Athletic Club,Getafe,"D/A&P3,5",15.959999999999999,0.1,0.06265664160401004,1.5959999999999999,2023-04-01,2023W13
10.0,2713422_1,2023-03-31 21:00:00,Marseille,Montpellier,"D/A&M2,5",3.9899999999999998,0.4,0.25062656641604014,1.5959999999999999,2023-03-31,2023W13
10.0,2713422_1,2023-03-31 21:00:00,Marseille,Montpellier,D/A,2.65,0.6,0.37735849056603776,1.5899999999999999,2023-03-31,2023W13
10.0,2703028_1,2023-04-02 12:30:00,Bologna,Udinese,"M0,5",8.5,0.18636363636363634,0.11764705882352941,1.584090909090909,2023-04-02,2023W13
10.0,2703014_1,2023-04-01 18:00:00,Inter Milan,Fiorentina,"H/A&M2,5",2.8560000000000003,0.55,0.35014005602240894,1.5708000000000002,2023-04-01,2023W13
10.0,2703039_1,2023-04-02 18:00:00,AS Rome,Sampdoria,"H/A&M1,5",3.9060000000000006,0.4,0.2560163850486431,1.5624000000000002,2023-04-02,2023W13
10.0,2691606_1,2023-04-02 18:30:00,Villarreal,Real Sociedad,"D/A&P4,5",15.540000000000001,0.1,0.06435006435006435,1.554,2023-04-02,2023W13
10.0,2713438_1,2023-04-02 15:00:00,Nantes,Reims,"M1,5",2.82,0.55,0.3546099290780142,1.5510000000000002,2023-04-02,2023W13
10.0,2713422_1,2023-03-31 21:00:00,Marseille,Montpellier,"D/A&P1,5",3.444,0.44999999999999996,0.29036004645760743,1.5497999999999998,2023-03-31,2023W13
10.0,2713426_1,2023-04-02 15:00:00,Angers,Nice,H/A&LDEM,2.8875,0.5318181818181817,0.3463203463203463,1.5356249999999998,2023-04-02,2023W13
10.0,2669878_1,2023-04-02 17:30:00,Werder Breme,Hoffenheim,"P5,5",10.2,0.15000000000000002,0.09803921568627452,1.53,2023-04-02,2023W13
10.0,2697701_1,2023-04-02 15:30:00,Cologne,Borussia Monchengladbach,"H/A&P4,5",5.0925,0.3,0.19636720667648502,1.52775,2023-04-02,2023W13
10.0,2713438_1,2023-04-02 15:00:00,Nantes,Reims,D/A&LDEMP,3.024,0.5,0.3306878306878307,1.512,2023-04-02,2023W13
10.0,2691594_1,2023-04-02 16:15:00,Real Madrid,Valladolid,D/A&LDEM,6.0375000000000005,0.25,0.16563146997929606,1.509375,2023-04-02,2023W13
10.0,2691595_1,2023-03-31 21:00:00,Majorque,Osasuna,"P4,5",15.8,0.09545454545454546,0.06329113924050632,1.5081818181818185,2023-03-31,2023W13
10.0,2647381_1,2023-04-01 16:00:00,Norwich City,Sheffield United,"D/A&M1,5",4.305,0.35,0.23228803716608595,1.5067499999999998,2023-04-01,2023W13
10.0,2647376_1,2023-04-01 16:00:00,Nottingham Forest,Wolverhampton,"H/D&P1,5",2.121,0.7090909090909091,0.47147571900047147,1.5039818181818183,2023-04-01,2023W13
10.0,2691601_1,2023-04-01 16:15:00,Athletic Club,Getafe,"P4,5",10.0,0.15,0.1,1.4999999999999998,2023-04-01,2023W13
10.0,2647392_1,2023-04-01 16:00:00,West Bromwich,Millwall,H/D&LDEMP,2.499,0.6,0.4001600640256102,1.4994,2023-04-01,2023W13
10.0,2647390_1,2023-04-01 16:00:00,Coventry City,Stoke City,"D/A&P3,5",5.985,0.25,0.1670843776106934,1.49625,2023-04-01,2023W13
10.0,2703039_1,2023-04-02 18:00:00,AS Rome,Sampdoria,"D/A&P2,5",9.9225,0.15000000000000002,0.10078105316200554,1.4883750000000002,2023-04-02,2023W13
10.0,2647371_1,2023-04-01 16:00:00,Bournemouth,Fulham,"P4,5",5.95,0.25,0.1680672268907563,1.4875,2023-04-01,2023W13
10.0,2691594_1,2023-04-02 16:15:00,Real Madrid,Valladolid,D,5.9,0.25,0.1694915254237288,1.475,2023-04-02,2023W13
10.0,2717835_1,2023-04-01 03:05:00,Necaxa,Santos,"P3,5",2.68,0.55,0.3731343283582089,1.4740000000000002,2023-04-01,2023W13
10.0,2697702_1,2023-03-31 20:30:00,Eintracht Frankfurt,Bochum,H/A&LDEMP,2.0895,0.7,0.4785833931562574,1.46265,2023-03-31,2023W13
10.0,2717835_1,2023-04-01 03:05:00,Necaxa,Santos,"D/A&P3,5",4.179,0.35,0.2392916965781287,1.46265,2023-04-01,2023W13
10.0,2703028_1,2023-04-02 12:30:00,Bologna,Udinese,"D/A&M1,5",4.4625,0.32727272727272727,0.22408963585434172,1.4604545454545457,2023-04-02,2023W13
10.0,2713299_1,2023-04-01 17:00:00,Auxerre,Troyes,"H/D&P4,5",7.245000000000001,0.2,0.1380262249827467,1.4490000000000003,2023-04-01,2023W13
10.0,2713422_1,2023-03-31 21:00:00,Marseille,Montpellier,"P5,5",9.65,0.15000000000000002,0.10362694300518134,1.4475000000000002,2023-03-31,2023W13
10.0,2691597_1,2023-04-01 21:00:00,Elche,Barcelona,"H/A&M2,5",2.8875,0.5,0.3463203463203463,1.44375,2023-04-01,2023W13
10.0,2713432_1,2023-04-02 17:05:00,Monaco,Strasbourg,A,5.75,0.25,0.17391304347826086,1.4375,2023-04-02,2023W13
10.0,2713426_1,2023-04-02 15:00:00,Angers,Nice,D/A&LDEM,2.289,0.6272727272727273,0.436871996505024,1.435827272727273,2023-04-02,2023W13
10.0,2713426_1,2023-04-02 15:00:00,Angers,Nice,"D/A&P2,5",2.4675000000000002,0.5818181818181818,0.40526849037487334,1.4356363636363636,2023-04-02,2023W13
10.0,2713432_1,2023-04-02 17:05:00,Monaco,Strasbourg,"H/A&P4,5",4.7775,0.30000000000000004,0.20931449502878074,1.4332500000000001,2023-04-02,2023W13
10.0,2691595_1,2023-03-31 21:00:00,Majorque,Osasuna,"D/A&P4,5",31.5,0.045454545454545456,0.031746031746031744,1.4318181818181819,2023-03-31,2023W13
10.0,2703039_1,2023-04-02 18:00:00,AS Rome,Sampdoria,"H/A&M2,5",2.3729999999999998,0.6,0.4214075010535188,1.4237999999999997,2023-04-02,2023W13
10.0,2703014_1,2023-04-01 18:00:00,Inter Milan,Fiorentina,"H/A&M3,5",1.764,0.8,0.5668934240362812,1.4112,2023-04-01,2023W13
10.0,2647385_1,2023-04-01 18:30:00,Chelsea,Aston Villa,"D/A&M4,5",2.3415,0.6,0.42707666026051677,1.4048999999999998,2023-04-01,2023W13
10.0,2713438_1,2023-04-02 15:00:00,Nantes,Reims,"H/D&M2,5",2.3415,0.6,0.42707666026051677,1.4048999999999998,2023-04-02,2023W13
10.0,2691601_1,2023-04-01 16:15:00,Athletic Club,Getafe,D/A&LDEMP,4.011,0.35,0.2493143854400399,1.4038499999999998,2023-04-01,2023W13
10.0,2691595_1,2023-03-31 21:00:00,Majorque,Osasuna,"H/A&P4,5",14.700000000000001,0.09545454545454546,0.06802721088435373,1.4031818181818183,2023-03-31,2023W13
10.0,2703030_1,2023-04-02 15:00:00,Spezia,Salernitana,"M0,5",9.35,0.15000000000000002,0.10695187165775401,1.4025000000000003,2023-04-02,2023W13
10.0,2703014_1,2023-04-01 18:00:00,Inter Milan,Fiorentina,"H/A&M1,5",4.6725,0.30000000000000004,0.2140181915462814,1.4017500000000005,2023-04-01,2023W13
10.0,2703050_1,2023-04-02 20:45:00,Naples,Milan AC,H/A&LDEM,2.6774999999999998,0.5227272727272727,0.3734827264239029,1.3996022727272726,2023-04-02,2023W13
10.0,2703014_1,2023-04-01 18:00:00,Inter Milan,Fiorentina,H/A&LDEMP,2.1420000000000003,0.6499999999999999,0.46685340802987857,1.3922999999999999,2023-04-01,2023W13
10.0,2647373_1,2023-04-01 16:00:00,Brighton,Brentford,"D/A&M3,5",2.7825,0.5,0.35938903863432164,1.39125,2023-04-01,2023W13
10.0,2713426_1,2023-04-02 15:00:00,Angers,Nice,"H/A&P2,5",2.2155,0.6272727272727273,0.45136538027533285,1.3897227272727275,2023-04-02,2023W13
10.0,2647379_1,2023-04-01 16:00:00,Huddersfield,Middlesbrough,"H/A&P3,5",4.305,0.3227272727272727,0.23228803716608595,1.389340909090909,2023-04-01,2023W13
10.0,2703050_1,2023-04-02 20:45:00,Naples,Milan AC,"H/A&P2,5",2.079,0.6681818181818182,0.481000481000481,1.38915,2023-04-02,2023W13
10.0,2691601_1,2023-04-01 16:15:00,Athletic Club,Getafe,"H/A&P4,5",9.240000000000002,0.15,0.1082251082251082,1.3860000000000003,2023-04-01,2023W13
10.0,2691597_1,2023-04-01 21:00:00,Elche,Barcelona,"D/A&M2,5",2.3100000000000005,0.6,0.4329004329004328,1.3860000000000003,2023-04-01,2023W13
10.0,2647392_1,2023-04-01 16:00:00,West Bromwich,Millwall,"H/A&M3,5",1.6275000000000002,0.8500000000000001,0.6144393241167434,1.3833750000000002,2023-04-01,2023W13
10.0,2713432_1,2023-04-02 17:05:00,Monaco,Strasbourg,"P4,5",4.6,0.30000000000000004,0.2173913043478261,1.3800000000000001,2023-04-02,2023W13
10.0,2703014_1,2023-04-01 18:00:00,Inter Milan,Fiorentina,A,4.6,0.30000000000000004,0.2173913043478261,1.3800000000000001,2023-04-01,2023W13
10.0,2713423_1,2023-04-02 15:00:00,Clermont,Ajaccio,"D/A&P1,5",2.5935,0.5318181818181817,0.385579332947754,1.3792704545454544,2023-04-02,2023W13
10.0,2647378_1,2023-04-01 16:00:00,Cardiff City,Swansea,"D/A&P3,5",5.8275,0.23636363636363636,0.1716001716001716,1.3774090909090908,2023-04-01,2023W13
10.0,2703461_1,2023-04-02 21:00:00,Atletico Madrid,Real Betis,"D/A&M3,5",2.625,0.5227272727272727,0.38095238095238093,1.3721590909090908,2023-04-02,2023W13
10.0,2713440_1,2023-04-01 15:30:00,Union Berlin,Stuttgart,H/A&LDEM,3.045,0.45,0.3284072249589491,1.3702500000000002,2023-04-01,2023W13
10.0,2647379_1,2023-04-01 16:00:00,Huddersfield,Middlesbrough,"H/A&P1,5",1.7115,0.8,0.5842827928717499,1.3692000000000002,2023-04-01,2023W13
10.0,2713433_1,2023-04-02 20:45:00,Paris SG,Lyon,"D/A&P3,5",7.5075,0.18181818181818182,0.1332001332001332,1.3650000000000002,2023-04-02,2023W13
10.0,2697701_1,2023-04-02 15:30:00,Cologne,Borussia Monchengladbach,"P4,5",4.55,0.3,0.21978021978021978,1.365,2023-04-02,2023W13
10.0,2713299_1,2023-04-01 17:00:00,Auxerre,Troyes,"D/A&P3,5",6.825,0.2,0.14652014652014653,1.365,2023-04-01,2023W13
10.0,2691594_1,2023-04-02 16:15:00,Real Madrid,Valladolid,D/A,3.9,0.35,0.25641025641025644,1.3649999999999998,2023-04-02,2023W13
10.0,2647385_1,2023-04-01 18:30:00,Chelsea,Aston Villa,D/A,2.27,0.6,0.44052863436123346,1.362,2023-04-01,2023W13
10.0,2647376_1,2023-04-01 16:00:00,Nottingham Forest,Wolverhampton,D/A&LDEM,2.583,0.5272727272727272,0.3871467286101432,1.3619454545454546,2023-04-01,2023W13
10.0,2713432_1,2023-04-02 17:05:00,Monaco,Strasbourg,D/A&LDEM,3.8850000000000002,0.35,0.2574002574002574,1.3597499999999998,2023-04-02,2023W13
10.0,2703028_1,2023-04-02 12:30:00,Bologna,Udinese,"H/D&M1,5",4.1475,0.32727272727272727,0.24110910186859555,1.3573636363636363,2023-04-02,2023W13
10.0,2647381_1,2023-04-01 16:00:00,Norwich City,Sheffield United,"D/A&M3,5",1.806,0.75,0.5537098560354374,1.3545,2023-04-01,2023W13
10.0,2647373_1,2023-04-01 16:00:00,Brighton,Brentford,"H/D&M1,5",4.515,0.3,0.221483942414175,1.3544999999999998,2023-04-01,2023W13
10.0,2713299_1,2023-04-01 17:00:00,Auxerre,Troyes,"P5,5",13.5,0.1,0.07407407407407407,1.35,2023-04-01,2023W13
10.0,2703461_1,2023-04-02 21:00:00,Atletico Madrid,Real Betis,"D/A&M2,5",3.1500000000000004,0.42727272727272725,0.31746031746031744,1.345909090909091,2023-04-02,2023W13
10.0,2713440_1,2023-04-01 15:30:00,Union Berlin,Stuttgart,"P2,5",2.07,0.65,0.48309178743961356,1.3455,2023-04-01,2023W13
10.0,2713422_1,2023-03-31 21:00:00,Marseille,Montpellier,"D/A&P2,5",6.720000000000001,0.2,0.1488095238095238,1.344,2023-03-31,2023W13
10.0,2647373_1,2023-04-01 16:00:00,Brighton,Brentford,"D/A&M2,5",3.3600000000000003,0.4,0.2976190476190476,1.344,2023-04-01,2023W13
10.0,2647392_1,2023-04-01 16:00:00,West Bromwich,Millwall,LDEMP,1.68,0.8,0.5952380952380952,1.344,2023-04-01,2023W13
10.0,2691606_1,2023-04-02 18:30:00,Villarreal,Real Sociedad,A,2.98,0.44999999999999996,0.33557046979865773,1.3409999999999997,2023-04-02,2023W13
10.0,2647376_1,2023-04-01 16:00:00,Nottingham Forest,Wolverhampton,"H/D&M3,5",1.764,0.759090909090909,0.5668934240362812,1.3390363636363636,2023-04-01,2023W13
10.0,2713432_1,2023-04-02 17:05:00,Monaco,Strasbourg,"D/A&P1,5",3.3390000000000004,0.4,0.2994908655286013,1.3356000000000003,2023-04-02,2023W13
10.0,2647381_1,2023-04-01 16:00:00,Norwich City,Sheffield United,D/A&LDEMP,2.961,0.45,0.33772374197906113,1.33245,2023-04-01,2023W13
10.0,2647381_1,2023-04-01 16:00:00,Norwich City,Sheffield United,A,2.42,0.55,0.4132231404958678,1.331,2023-04-01,2023W13
10.0,2647390_1,2023-04-01 16:00:00,Coventry City,Stoke City,D/A&LDEM,2.6460000000000004,0.5,0.37792894935752075,1.3230000000000002,2023-04-01,2023W13
10.0,2647385_1,2023-04-01 18:30:00,Chelsea,Aston Villa,"H/A&M1,5",4.41,0.3,0.22675736961451246,1.323,2023-04-01,2023W13
10.0,2703461_1,2023-04-02 21:00:00,Atletico Madrid,Real Betis,D/A&LDEM,3.465,0.38181818181818183,0.28860028860028863,1.323,2023-04-02,2023W13
10.0,2647378_1,2023-04-01 16:00:00,Cardiff City,Swansea,"D/A&P4,5",13.86,0.09545454545454546,0.07215007215007216,1.323,2023-04-01,2023W13
10.0,2647392_1,2023-04-01 16:00:00,West Bromwich,Millwall,"H/D&M1,5",3.7800000000000002,0.35,0.26455026455026454,1.323,2023-04-01,2023W13
10.0,2717835_1,2023-04-01 03:05:00,Necaxa,Santos,"H/A&P3,5",3.7800000000000002,0.35,0.26455026455026454,1.323,2023-04-01,2023W13
10.0,2713440_1,2023-04-01 15:30:00,Union Berlin,Stuttgart,LDEM,1.89,0.7,0.5291005291005292,1.3229999999999997,2023-04-01,2023W13
10.0,2713426_1,2023-04-02 15:00:00,Angers,Nice,LDEM,1.84,0.7181818181818183,0.5434782608695652,1.3214545454545457,2023-04-02,2023W13
10.0,2691608_1,2023-04-01 14:00:00,Gerone,Espanyol,LDEM,1.74,0.759090909090909,0.5747126436781609,1.320818181818182,2023-04-01,2023W13
10.0,2647389_1,2023-03-31 21:00:00,Burnley,Sunderland,"H/A&P2,5",2.0265,0.65,0.4934616333580064,1.317225,2023-03-31,2023W13
10.0,2647377_1,2023-04-01 16:00:00,Bristol City,Reading,"H/D&P4,5",9.345,0.14090909090909093,0.1070090957731407,1.316795454545455,2023-04-01,2023W13
10.0,2695187_1,2023-04-01 18:30:00,Bayern Munich,Dortmund,"D/A&M3,5",4.011,0.32727272727272727,0.2493143854400399,1.3126909090909091,2023-04-01,2023W13
10.0,2713438_1,2023-04-02 15:00:00,Nantes,Reims,"M2,5",1.64,0.8,0.6097560975609756,1.312,2023-04-02,2023W13
10.0,2669878_1,2023-04-02 17:30:00,Werder Breme,Hoffenheim,H,2.18,0.6,0.4587155963302752,1.308,2023-04-02,2023W13
10.0,2713299_1,2023-04-01 17:00:00,Auxerre,Troyes,H/A&LDEM,2.6145000000000005,0.5,0.3824823101931535,1.3072500000000002,2023-04-01,2023W13
10.0,2713438_1,2023-04-02 15:00:00,Nantes,Reims,"D/A&M4,5",1.533,0.85,0.6523157208088716,1.3030499999999998,2023-04-02,2023W13
10.0,2703028_1,2023-04-02 12:30:00,Bologna,Udinese,H/D&LDEMP,2.7300000000000004,0.4772727272727273,0.3663003663003662,1.3029545454545457,2023-04-02,2023W13
10.0,2691597_1,2023-04-01 21:00:00,Elche,Barcelona,"D/A&M3,5",1.6275000000000002,0.8,0.6144393241167434,1.3020000000000003,2023-04-01,2023W13
10.0,2647373_1,2023-04-01 16:00:00,Brighton,Brentford,"M1,5",3.25,0.4,0.3076923076923077,1.3,2023-04-01,2023W13
10.0,2647376_1,2023-04-01 16:00:00,Nottingham Forest,Wolverhampton,"H/D&M4,5",1.512,0.8590909090909091,0.6613756613756614,1.2989454545454546,2023-04-01,2023W13
10.0,2703050_1,2023-04-02 20:45:00,Naples,Milan AC,"H/A&P3,5",3.801,0.34090909090909094,0.26308866087871613,1.2957954545454546,2023-04-02,2023W13
10.0,2713423_1,2023-04-02 15:00:00,Clermont,Ajaccio,A,3.35,0.38636363636363635,0.29850746268656714,1.294318181818182,2023-04-02,2023W13
10.0,2697701_1,2023-04-02 15:30:00,Cologne,Borussia Monchengladbach,"H/D&P2,5",2.3520000000000003,0.55,0.4251700680272108,1.2936000000000003,2023-04-02,2023W13
10.0,2647388_1,2023-04-02 15:00:00,West Ham,Southampton,H/A&LDEMP,2.0895,0.6181818181818182,0.4785833931562574,1.2916909090909092,2023-04-02,2023W13
10.0,2703027_1,2023-04-02 15:00:00,Monza,Lazio,H/A&LDEMP,2.1525,0.6,0.4645760743321719,1.2914999999999999,2023-04-02,2023W13
10.0,2647379_1,2023-04-01 16:00:00,Huddersfield,Middlesbrough,H/A&LDEM,2.7825,0.4636363636363636,0.35938903863432164,1.2900681818181818,2023-04-01,2023W13
10.0,2713438_1,2023-04-02 15:00:00,Nantes,Reims,"D/A&M3,5",1.8375000000000001,0.7,0.5442176870748299,1.2862500000000001,2023-04-02,2023W13
10.0,2697702_1,2023-03-31 20:30:00,Eintracht Frankfurt,Bochum,"H/A&P1,5",1.512,0.8500000000000001,0.6613756613756614,1.2852000000000001,2023-03-31,2023W13
10.0,2713426_1,2023-04-02 15:00:00,Angers,Nice,"P2,5",1.91,0.6727272727272727,0.5235602094240838,1.284909090909091,2023-04-02,2023W13
10.0,2691597_1,2023-04-01 21:00:00,Elche,Barcelona,"M2,5",1.97,0.6499999999999999,0.5076142131979695,1.2805,2023-04-01,2023W13
10.0,2703461_1,2023-04-02 21:00:00,Atletico Madrid,Real Betis,"D/A&P1,5",2.9925,0.42727272727272725,0.3341687552213868,1.2786136363636365,2023-04-02,2023W13
10.0,2647388_1,2023-04-02 15:00:00,West Ham,Southampton,"H/A&M2,5",2.6774999999999998,0.4772727272727273,0.3734827264239029,1.2778977272727272,2023-04-02,2023W13
10.0,2703461_1,2023-04-02 21:00:00,Atletico Madrid,Real Betis,D/A,2.08,0.6136363636363636,0.4807692307692307,1.2763636363636366,2023-04-02,2023W13
10.0,2703025_1,2023-04-01 15:00:00,Cremonese,Atalanta,"H/A&M2,5",2.8350000000000004,0.45,0.3527336860670193,1.2757500000000004,2023-04-01,2023W13
10.0,2691594_1,2023-04-02 16:15:00,Real Madrid,Valladolid,"D/A&M4,5",4.2525,0.30000000000000004,0.23515579071134624,1.2757500000000004,2023-04-02,2023W13
10.0,2703025_1,2023-04-01 15:00:00,Cremonese,Atalanta,"H/D&P2,5",5.0925,0.25,0.19636720667648502,1.273125,2023-04-01,2023W13
10.0,2713299_1,2023-04-01 17:00:00,Auxerre,Troyes,"P3,5",2.82,0.44999999999999996,0.3546099290780142,1.269,2023-04-01,2023W13
10.0,2713433_1,2023-04-02 20:45:00,Paris SG,Lyon,H/A&LDEM,2.2155,0.5727272727272728,0.45136538027533285,1.2688772727272728,2023-04-02,2023W13
10.0,2647376_1,2023-04-01 16:00:00,Nottingham Forest,Wolverhampton,H,2.68,0.4727272727272727,0.3731343283582089,1.266909090909091,2023-04-01,2023W13
10.0,2713440_1,2023-04-01 15:30:00,Union Berlin,Stuttgart,H,1.94,0.6499999999999999,0.5154639175257733,1.2609999999999997,2023-04-01,2023W13
10.0,2647373_1,2023-04-01 16:00:00,Brighton,Brentford,D/A,2.1,0.6,0.47619047619047616,1.26,2023-04-01,2023W13
10.0,2647392_1,2023-04-01 16:00:00,West Bromwich,Millwall,"M1,5",2.52,0.5,0.3968253968253968,1.26,2023-04-01,2023W13
10.0,2647382_1,2023-04-01 16:00:00,Arsenal,Leeds United,"H/D&M1,5",5.04,0.25,0.1984126984126984,1.26,2023-04-01,2023W13
10.0,2691606_1,2023-04-02 18:30:00,Villarreal,Real Sociedad,"H/A&M3,5",1.6800000000000002,0.75,0.5952380952380952,1.26,2023-04-02,2023W13
10.0,2697702_1,2023-03-31 20:30:00,Eintracht Frankfurt,Bochum,LDEMP,1.8,0.7,0.5555555555555556,1.2599999999999998,2023-03-31,2023W13
10.0,2703014_1,2023-04-01 18:00:00,Inter Milan,Fiorentina,"H/A&M4,5",1.4805,0.8500000000000001,0.6754474839581223,1.2584250000000001,2023-04-01,2023W13
10.0,2691608_1,2023-04-01 14:00:00,Gerone,Espanyol,D/A&LDEM,2.94,0.42727272727272725,0.3401360544217687,1.256181818181818,2023-04-01,2023W13
10.0,2703050_1,2023-04-02 20:45:00,Naples,Milan AC,"P2,5",1.76,0.7136363636363636,0.5681818181818182,1.2559999999999998,2023-04-02,2023W13
10.0,2713432_1,2023-04-02 17:05:00,Monaco,Strasbourg,H/A&LDEM,2.5095,0.5,0.3984857541342897,1.25475,2023-04-02,2023W13
10.0,2703027_1,2023-04-02 15:00:00,Monza,Lazio,"H/D&P2,5",4.179,0.30000000000000004,0.2392916965781287,1.2537000000000003,2023-04-02,2023W13
10.0,2695187_1,2023-04-01 18:30:00,Bayern Munich,Dortmund,D/A&LDEMP,9.1875,0.13636363636363635,0.10884353741496598,1.252840909090909,2023-04-01,2023W13
10.0,2713423_1,2023-04-02 15:00:00,Clermont,Ajaccio,"D/A&P3,5",8.61,0.14545454545454545,0.11614401858304298,1.2523636363636363,2023-04-02,2023W13
10.0,2717835_1,2023-04-01 03:05:00,Necaxa,Santos,"D/A&P2,5",2.7825,0.45,0.35938903863432164,1.2521250000000002,2023-04-01,2023W13
10.0,2691601_1,2023-04-01 16:15:00,Athletic Club,Getafe,"D/A&M2,5",2.7825,0.45,0.35938903863432164,1.2521250000000002,2023-04-01,2023W13
10.0,2717835_1,2023-04-01 03:05:00,Necaxa,Santos,"H/D&P2,5",3.129,0.4,0.31959092361776925,1.2516,2023-04-01,2023W13
10.0,2703028_1,2023-04-02 12:30:00,Bologna,Udinese,"H/D&M2,5",2.184,0.5727272727272728,0.45787545787545786,1.2508363636363637,2023-04-02,2023W13
10.0,2703050_1,2023-04-02 20:45:00,Naples,Milan AC,"H/A&P1,5",1.6275000000000002,0.7681818181818182,0.6144393241167434,1.2502159090909093,2023-04-02,2023W13
10.0,2713423_1,2023-04-02 15:00:00,Clermont,Ajaccio,"P5,5",27.5,0.045454545454545456,0.03636363636363636,1.25,2023-04-02,2023W13
10.0,2697701_1,2023-04-02 15:30:00,Cologne,Borussia Monchengladbach,"M0,5",12.5,0.1,0.08,1.25,2023-04-02,2023W13
10.0,2713440_1,2023-04-01 15:30:00,Union Berlin,Stuttgart,H/D,1.25,1.0,0.8,1.25,2023-04-01,2023W13
10.0,2647376_1,2023-04-01 16:00:00,Nottingham Forest,Wolverhampton,"H/D&M2,5",2.1630000000000003,0.5772727272727273,0.46232085067036516,1.2486409090909092,2023-04-01,2023W13
10.0,2713299_1,2023-04-01 17:00:00,Auxerre,Troyes,"H/A&P2,5",2.079,0.6000000000000001,0.481000481000481,1.2474000000000003,2023-04-01,2023W13
10.0,2713432_1,2023-04-02 17:05:00,Monaco,Strasbourg,LDEM,1.78,0.7,0.5617977528089888,1.2459999999999998,2023-04-02,2023W13
10.0,2647379_1,2023-04-01 16:00:00,Huddersfield,Middlesbrough,"H/A&P2,5",2.2260000000000004,0.5590909090909091,0.44923629829290196,1.244536363636364,2023-04-01,2023W13
10.0,2691595_1,2023-03-31 21:00:00,Majorque,Osasuna,D/A&LDEM,3.3390000000000004,0.3727272727272727,0.2994908655286013,1.2445363636363638,2023-03-31,2023W13
10.0,2647387_1,2023-04-02 17:30:00,Newcastle,Manchester United,"H/D&P3,5",4.1475,0.30000000000000004,0.24110910186859555,1.24425,2023-04-02,2023W13
10.0,2703030_1,2023-04-02 15:00:00,Spezia,Salernitana,"D/A&P2,5",4.1475,0.30000000000000004,0.24110910186859555,1.24425,2023-04-02,2023W13
10.0,2695187_1,2023-04-01 18:30:00,Bayern Munich,Dortmund,"D/A&M4,5",2.94,0.42272727272727273,0.3401360544217687,1.2428181818181818,2023-04-01,2023W13
10.0,2691594_1,2023-04-02 16:15:00,Real Madrid,Valladolid,"H/D&M3,5",1.7745,0.7,0.5635390250774867,1.2421499999999999,2023-04-02,2023W13
10.0,2703028_1,2023-04-02 12:30:00,Bologna,Udinese,"M1,5",2.65,0.46818181818181814,0.37735849056603776,1.240681818181818,2023-04-02,2023W13
10.0,2713438_1,2023-04-02 15:00:00,Nantes,Reims,H/D&LDEMP,3.0975,0.4,0.3228410008071025,1.239,2023-04-02,2023W13
10.0,2647388_1,2023-04-02 15:00:00,West Ham,Southampton,"H/A&M4,5",1.4489999999999998,0.8545454545454545,0.6901311249137336,1.2382363636363636,2023-04-02,2023W13
10.0,2691594_1,2023-04-02 16:15:00,Real Madrid,Valladolid,"H/D&M4,5",1.3755000000000002,0.9,0.7270083605961468,1.23795,2023-04-02,2023W13
10.0,2713433_1,2023-04-02 20:45:00,Paris SG,Lyon,"P4,5",3.68,0.33636363636363636,0.2717391304347826,1.237818181818182,2023-04-02,2023W13
10.0,2713433_1,2023-04-02 20:45:00,Paris SG,Lyon,"H/D&P4,5",4.2525,0.2909090909090909,0.23515579071134624,1.2370909090909092,2023-04-02,2023W13
10.0,2647377_1,2023-04-01 16:00:00,Bristol City,Reading,H/D&LDEMP,2.3835,0.5181818181818182,0.4195510803440319,1.2350863636363636,2023-04-01,2023W13
10.0,2713440_1,2023-04-01 15:30:00,Union Berlin,Stuttgart,H/D&LDEM,2.4675000000000002,0.5,0.40526849037487334,1.2337500000000001,2023-04-01,2023W13
10.0,2647388_1,2023-04-02 15:00:00,West Ham,Southampton,A,4.3,0.2863636363636364,0.23255813953488372,1.2313636363636364,2023-04-02,2023W13
10.0,2647373_1,2023-04-01 16:00:00,Brighton,Brentford,"D/A&M4,5",2.2365,0.55,0.447127207690588,1.230075,2023-04-01,2023W13
10.0,2697702_1,2023-03-31 20:30:00,Eintracht Frankfurt,Bochum,"H/A&P2,5",1.8900000000000001,0.6499999999999999,0.5291005291005291,1.2285,2023-03-31,2023W13
10.0,2697702_1,2023-03-31 20:30:00,Eintracht Frankfurt,Bochum,"H/D&P2,5",2.0475,0.6,0.48840048840048844,1.2285,2023-03-31,2023W13
10.0,2647391_1,2023-04-01 16:00:00,Hull City,Rotherham United,D/A&LDEM,2.8140000000000005,0.43636363636363634,0.355366027007818,1.2279272727272728,2023-04-01,2023W13
10.0,2691597_1,2023-04-01 21:00:00,Elche,Barcelona,"H/A&M3,5",1.7535,0.7,0.570287995437696,1.22745,2023-04-01,2023W13
10.0,2647379_1,2023-04-01 16:00:00,Huddersfield,Middlesbrough,"D/A&P2,5",2.6460000000000004,0.4636363636363636,0.37792894935752075,1.2267818181818182,2023-04-01,2023W13
10.0,2647377_1,2023-04-01 16:00:00,Bristol City,Reading,"H/D&M1,5",3.696,0.3318181818181818,0.27056277056277056,1.2264,2023-04-01,2023W13
10.0,2713426_1,2023-04-02 15:00:00,Angers,Nice,"D/A&P1,5",1.5855000000000001,0.7727272727272727,0.630715862503942,1.2251590909090908,2023-04-02,2023W13
10.0,2713440_1,2023-04-01 15:30:00,Union Berlin,Stuttgart,"P3,5",3.5,0.35,0.2857142857142857,1.225,2023-04-01,2023W13
10.0,2647385_1,2023-04-01 18:30:00,Chelsea,Aston Villa,"M2,5",1.75,0.7,0.5714285714285714,1.225,2023-04-01,2023W13
10.0,2691595_1,2023-03-31 21:00:00,Majorque,Osasuna,"H/A&M1,5",3.0975,0.39545454545454545,0.3228410008071025,1.2249204545454546,2023-03-31,2023W13
10.0,2697702_1,2023-03-31 20:30:00,Eintracht Frankfurt,Bochum,H/D&LDEMP,2.2260000000000004,0.55,0.44923629829290196,1.2243000000000004,2023-03-31,2023W13
10.0,2717835_1,2023-04-01 03:05:00,Necaxa,Santos,D/A&LDEM,2.2260000000000004,0.55,0.44923629829290196,1.2243000000000004,2023-04-01,2023W13
10.0,2703050_1,2023-04-02 20:45:00,Naples,Milan AC,"H/D&P3,5",3.591,0.34090909090909094,0.278473962684489,1.2242045454545456,2023-04-02,2023W13
10.0,2703050_1,2023-04-02 20:45:00,Naples,Milan AC,"H/D&P2,5",2.2995,0.5318181818181817,0.4348771472059143,1.222915909090909,2023-04-02,2023W13
10.0,2647371_1,2023-04-01 16:00:00,Bournemouth,Fulham,"H/A&P3,5",4.074,0.30000000000000004,0.2454590083456063,1.2222000000000002,2023-04-01,2023W13
10.0,2713422_1,2023-03-31 21:00:00,Marseille,Montpellier,"H/A&M1,5",4.8825,0.25,0.20481310803891448,1.220625,2023-03-31,2023W13
10.0,2703025_1,2023-04-01 15:00:00,Cremonese,Atalanta,H/D&LDEMP,4.8825,0.25,0.20481310803891448,1.220625,2023-04-01,2023W13
10.0,2647375_1,2023-04-01 13:30:00,Manchester City,Liverpool,"H/A&P2,5",1.7429999999999999,0.7,0.5737234652897304,1.2200999999999997,2023-04-01,2023W13
10.0,2647385_1,2023-04-01 18:30:00,Chelsea,Aston Villa,"H/A&M2,5",2.709,0.44999999999999996,0.36913990402362495,1.21905,2023-04-01,2023W13
10.0,2713440_1,2023-04-01 15:30:00,Union Berlin,Stuttgart,"H/D&M4,5",1.3545,0.9,0.7382798080472499,1.21905,2023-04-01,2023W13
10.0,2695187_1,2023-04-01 18:30:00,Bayern Munich,Dortmund,H/A&LDEMP,2.5725000000000002,0.4727272727272727,0.3887269193391642,1.2160909090909091,2023-04-01,2023W13
10.0,2713423_1,2023-04-02 15:00:00,Clermont,Ajaccio,"D/A&P2,5",5.1450000000000005,0.23636363636363636,0.1943634596695821,1.2160909090909091,2023-04-02,2023W13
10.0,2695187_1,2023-04-01 18:30:00,Bayern Munich,Dortmund,"D/A&M2,5",5.1450000000000005,0.23636363636363636,0.1943634596695821,1.2160909090909091,2023-04-01,2023W13
10.0,2695187_1,2023-04-01 18:30:00,Bayern Munich,Dortmund,A,5.35,0.22727272727272727,0.1869158878504673,1.2159090909090908,2023-04-01,2023W13
10.0,2713440_1,2023-04-01 15:30:00,Union Berlin,Stuttgart,"P1,5",1.35,0.9,0.7407407407407407,1.215,2023-04-01,2023W13
10.0,2691595_1,2023-03-31 21:00:00,Majorque,Osasuna,"H/D&M2,5",1.7115,0.7090909090909091,0.5842827928717499,1.213609090909091,2023-03-31,2023W13
10.0,2713440_1,2023-04-01 15:30:00,Union Berlin,Stuttgart,"H/A&P2,5",2.4255,0.5,0.4122861265718409,1.21275,2023-04-01,2023W13
10.0,2713422_1,2023-03-31 21:00:00,Marseille,Montpellier,D/A&LDEM,4.0425,0.3,0.2473716759431045,1.21275,2023-03-31,2023W13
10.0,2647392_1,2023-04-01 16:00:00,West Bromwich,Millwall,H,2.02,0.6,0.49504950495049505,1.212,2023-04-01,2023W13
10.0,2647376_1,2023-04-01 16:00:00,Nottingham Forest,Wolverhampton,H/D,1.41,0.8590909090909091,0.7092198581560284,1.2113181818181817,2023-04-01,2023W13
10.0,2669878_1,2023-04-02 17:30:00,Werder Breme,Hoffenheim,"H/A&M3,5",1.8585,0.65,0.5380683346785041,1.2080250000000001,2023-04-02,2023W13
10.0,2647385_1,2023-04-01 18:30:00,Chelsea,Aston Villa,"M1,5",3.02,0.4,0.33112582781456956,1.208,2023-04-01,2023W13
10.0,2691597_1,2023-04-01 21:00:00,Elche,Barcelona,"H/D&P3,5",12.075000000000001,0.1,0.08281573498964803,1.2075,2023-04-01,2023W13
10.0,2691594_1,2023-04-02 16:15:00,Real Madrid,Valladolid,"D/A&P1,5",4.83,0.25,0.20703933747412007,1.2075,2023-04-02,2023W13
10.0,2703050_1,2023-04-02 20:45:00,Naples,Milan AC,A,4.35,0.2772727272727273,0.2298850574712644,1.2061363636363636,2023-04-02,2023W13
10.0,2697701_1,2023-04-02 15:30:00,Cologne,Borussia Monchengladbach,"H/D&P3,5",3.444,0.35,0.29036004645760743,1.2054,2023-04-02,2023W13
10.0,2691608_1,2023-04-01 14:00:00,Gerone,Espanyol,H/A&LDEM,2.8140000000000005,0.42727272727272725,0.355366027007818,1.2023454545454546,2023-04-01,2023W13
10.0,2647392_1,2023-04-01 16:00:00,West Bromwich,Millwall,"H/A&M4,5",1.4070000000000003,0.8500000000000001,0.710732054015636,1.1959500000000003,2023-04-01,2023W13
10.0,2647391_1,2023-04-01 16:00:00,Hull City,Rotherham United,"H/D&M3,5",1.5750000000000002,0.759090909090909,0.6349206349206349,1.1955681818181818,2023-04-01,2023W13
10.0,2647373_1,2023-04-01 16:00:00,Brighton,Brentford,"H/A&M1,5",4.7775,0.25,0.20931449502878074,1.194375,2023-04-01,2023W13
10.0,2713300_1,2023-04-01 21:00:00,Rennes,Lens,"H/D&M3,5",1.785,0.6681818181818182,0.5602240896358543,1.1927045454545455,2023-04-01,2023W13
10.0,2647381_1,2023-04-01 16:00:00,Norwich City,Sheffield United,"H/A&M1,5",3.969,0.30000000000000004,0.25195263290501385,1.1907000000000003,2023-04-01,2023W13
10.0,2691594_1,2023-04-02 16:15:00,Real Madrid,Valladolid,"H/D&M2,5",2.6460000000000004,0.45,0.37792894935752075,1.1907,2023-04-02,2023W13
10.0,2713438_1,2023-04-02 15:00:00,Nantes,Reims,D/A,1.4,0.85,0.7142857142857143,1.19,2023-04-02,2023W13
10.0,2713440_1,2023-04-01 15:30:00,Union Berlin,Stuttgart,"D/A&P3,5",7.9275,0.15000000000000002,0.12614317250078838,1.1891250000000002,2023-04-01,2023W13
10.0,2691601_1,2023-04-01 16:15:00,Athletic Club,Getafe,D/A,2.16,0.55,0.4629629629629629,1.1880000000000002,2023-04-01,2023W13
10.0,2713440_1,2023-04-01 15:30:00,Union Berlin,Stuttgart,"H/A&P1,5",1.827,0.6499999999999999,0.5473453749315819,1.1875499999999997,2023-04-01,2023W13
10.0,2717835_1,2023-04-01 03:05:00,Necaxa,Santos,LDEM,1.58,0.75,0.6329113924050632,1.185,2023-04-01,2023W13
10.0,2713423_1,2023-04-02 15:00:00,Clermont,Ajaccio,"H/A&P1,5",1.9005,0.6227272727272727,0.5261773217574323,1.1834931818181817,2023-04-02,2023W13
10.0,2713440_1,2023-04-01 15:30:00,Union Berlin,Stuttgart,D,3.38,0.35,0.2958579881656805,1.1829999999999998,2023-04-01,2023W13
10.0,2713433_1,2023-04-02 20:45:00,Paris SG,Lyon,A,5.2,0.22727272727272727,0.1923076923076923,1.1818181818181819,2023-04-02,2023W13
10.0,2703039_1,2023-04-02 18:00:00,AS Rome,Sampdoria,D/A&LDEM,4.7250000000000005,0.25,0.21164021164021163,1.1812500000000001,2023-04-02,2023W13
10.0,2703039_1,2023-04-02 18:00:00,AS Rome,Sampdoria,"H/A&M3,5",1.5750000000000002,0.75,0.6349206349206349,1.1812500000000001,2023-04-02,2023W13
10.0,2647382_1,2023-04-01 16:00:00,Arsenal,Leeds United,H/A&LDEM,2.3625000000000003,0.5,0.42328042328042326,1.1812500000000001,2023-04-01,2023W13
10.0,2669878_1,2023-04-02 17:30:00,Werder Breme,Hoffenheim,"H/A&P2,5",1.9635000000000002,0.6,0.5092946269416857,1.1781000000000001,2023-04-02,2023W13
10.0,2647385_1,2023-04-01 18:30:00,Chelsea,Aston Villa,H/A&LDEMP,1.9635000000000002,0.6,0.5092946269416857,1.1781000000000001,2023-04-01,2023W13
10.0,2647387_1,2023-04-02 17:30:00,Newcastle,Manchester United,"H/A&P4,5",5.88,0.2,0.17006802721088435,1.1760000000000002,2023-04-02,2023W13
10.0,2647391_1,2023-04-01 16:00:00,Hull City,Rotherham United,D,3.08,0.38181818181818183,0.3246753246753247,1.1760000000000002,2023-04-01,2023W13
10.0,2691594_1,2023-04-02 16:15:00,Real Madrid,Valladolid,"M2,5",2.35,0.5,0.425531914893617,1.175,2023-04-02,2023W13
10.0,2691597_1,2023-04-01 21:00:00,Elche,Barcelona,"M3,5",1.38,0.8500000000000001,0.7246376811594204,1.173,2023-04-01,2023W13
10.0,2691594_1,2023-04-02 16:15:00,Real Madrid,Valladolid,"M3,5",1.56,0.75,0.641025641025641,1.1700000000000002,2023-04-02,2023W13
10.0,2713300_1,2023-04-01 21:00:00,Rennes,Lens,"H/D&P2,5",2.9925,0.3909090909090909,0.3341687552213868,1.1697954545454545,2023-04-01,2023W13
10.0,2713433_1,2023-04-02 20:45:00,Paris SG,Lyon,"D/A&P2,5",5.1450000000000005,0.22727272727272727,0.1943634596695821,1.169318181818182,2023-04-02,2023W13
10.0,2697701_1,2023-04-02 15:30:00,Cologne,Borussia Monchengladbach,"H/A&P3,5",3.3390000000000004,0.35,0.2994908655286013,1.1686500000000002,2023-04-02,2023W13
10.0,2703027_1,2023-04-02 15:00:00,Monza,Lazio,"H/A&M3,5",1.6695000000000002,0.7,0.5989817310572026,1.1686500000000002,2023-04-02,2023W13
10.0,2647371_1,2023-04-01 16:00:00,Bournemouth,Fulham,"D/A&M1,5",4.6725,0.25,0.2140181915462814,1.168125,2023-04-01,2023W13
10.0,2691606_1,2023-04-02 18:30:00,Villarreal,Real Sociedad,"H/A&M2,5",2.5935,0.45,0.385579332947754,1.167075,2023-04-02,2023W13
10.0,2713444_1,2023-04-01 15:30:00,RB Leipzig,Mainz,H/A&LDEM,2.3310000000000004,0.5,0.42900042900042895,1.1655000000000002,2023-04-01,2023W13
10.0,2717835_1,2023-04-01 03:05:00,Necaxa,Santos,"H/A&P4,5",5.8275,0.2,0.1716001716001716,1.1655,2023-04-01,2023W13
10.0,2647375_1,2023-04-01 13:30:00,Manchester City,Liverpool,"H/A&M4,5",1.554,0.75,0.6435006435006435,1.1655,2023-04-01,2023W13
10.0,2713438_1,2023-04-02 15:00:00,Nantes,Reims,"H/D&M4,5",1.554,0.75,0.6435006435006435,1.1655,2023-04-02,2023W13
10.0,2703028_1,2023-04-02 12:30:00,Bologna,Udinese,"H/D&M3,5",1.7325,0.6727272727272727,0.5772005772005773,1.1654999999999998,2023-04-02,2023W13
10.0,2647387_1,2023-04-02 17:30:00,Newcastle,Manchester United,H,2.33,0.5,0.4291845493562232,1.165,2023-04-02,2023W13
10.0,2647379_1,2023-04-01 16:00:00,Huddersfield,Middlesbrough,"D/A&P3,5",4.2,0.2772727272727273,0.23809523809523808,1.1645454545454546,2023-04-01,2023W13
10.0,2703027_1,2023-04-02 15:00:00,Monza,Lazio,"H/A&M2,5",2.583,0.45,0.3871467286101432,1.1623500000000002,2023-04-02,2023W13
10.0,2703014_1,2023-04-01 18:00:00,Inter Milan,Fiorentina,"M3,5",1.29,0.9,0.7751937984496123,1.161,2023-04-01,2023W13
10.0,2647377_1,2023-04-01 16:00:00,Bristol City,Reading,"H/D&M2,5",2.0265,0.5727272727272728,0.4934616333580064,1.1606318181818183,2023-04-01,2023W13
10.0,2669878_1,2023-04-02 17:30:00,Werder Breme,Hoffenheim,H/A&LDEM,2.3205,0.5,0.43094160741219567,1.16025,2023-04-02,2023W13
10.0,2703030_1,2023-04-02 15:00:00,Spezia,Salernitana,"D/A&P1,5",2.3205,0.5,0.43094160741219567,1.16025,2023-04-02,2023W13
10.0,2691601_1,2023-04-01 16:15:00,Athletic Club,Getafe,"D/A&P1,5",3.8640000000000003,0.30000000000000004,0.25879917184265006,1.1592000000000005,2023-04-01,2023W13
10.0,2697701_1,2023-04-02 15:30:00,Cologne,Borussia Monchengladbach,"H/A&P2,5",1.9320000000000002,0.6,0.5175983436853001,1.1592000000000002,2023-04-02,2023W13
10.0,2691594_1,2023-04-02 16:15:00,Real Madrid,Valladolid,"M4,5",1.22,0.95,0.819672131147541,1.1589999999999998,2023-04-02,2023W13
10.0,2703050_1,2023-04-02 20:45:00,Naples,Milan AC,"D/A&P2,5",5.0925,0.22727272727272727,0.19636720667648502,1.1573863636363637,2023-04-02,2023W13
10.0,2647376_1,2023-04-01 16:00:00,Nottingham Forest,Wolverhampton,H/D&LDEM,2.6774999999999998,0.4318181818181818,0.3734827264239029,1.1561931818181819,2023-04-01,2023W13
10.0,2691606_1,2023-04-02 18:30:00,Villarreal,Real Sociedad,H/A&LDEM,2.8875,0.4,0.3463203463203463,1.155,2023-04-02,2023W13
10.0,2713422_1,2023-03-31 21:00:00,Marseille,Montpellier,"H/A&M2,5",2.8875,0.4,0.3463203463203463,1.155,2023-03-31,2023W13
10.0,2647392_1,2023-04-01 16:00:00,West Bromwich,Millwall,"M2,5",1.54,0.75,0.6493506493506493,1.155,2023-04-01,2023W13
10.0,2691594_1,2023-04-02 16:15:00,Real Madrid,Valladolid,"D/A&M1,5",11.55,0.1,0.08658008658008658,1.155,2023-04-02,2023W13
10.0,2691594_1,2023-04-02 16:15:00,Real Madrid,Valladolid,D/A&LDEMP,11.55,0.1,0.08658008658008658,1.155,2023-04-02,2023W13
10.0,2647385_1,2023-04-01 18:30:00,Chelsea,Aston Villa,LDEMP,1.65,0.7,0.6060606060606061,1.1549999999999998,2023-04-01,2023W13
10.0,2647391_1,2023-04-01 16:00:00,Hull City,Rotherham United,"H/D&M2,5",2.016,0.5727272727272728,0.49603174603174605,1.1546181818181818,2023-04-01,2023W13
10.0,2713433_1,2023-04-02 20:45:00,Paris SG,Lyon,"H/A&P4,5",3.969,0.2909090909090909,0.25195263290501385,1.1546181818181818,2023-04-02,2023W13
10.0,2703028_1,2023-04-02 12:30:00,Bologna,Udinese,"H/A&M1,5",4.095,0.28181818181818186,0.24420024420024422,1.1540454545454546,2023-04-02,2023W13
10.0,2703030_1,2023-04-02 15:00:00,Spezia,Salernitana,"D/A&M4,5",1.7745,0.65,0.5635390250774867,1.153425,2023-04-02,2023W13
10.0,2713426_1,2023-04-02 15:00:00,Angers,Nice,"H/A&P1,5",1.7010000000000003,0.6772727272727272,0.5878894767783656,1.1520409090909092,2023-04-02,2023W13
10.0,2647379_1,2023-04-01 16:00:00,Huddersfield,Middlesbrough,"P1,5",1.28,0.9,0.78125,1.1520000000000001,2023-04-01,2023W13
10.0,2647385_1,2023-04-01 18:30:00,Chelsea,Aston Villa,"M3,5",1.28,0.9,0.78125,1.1520000000000001,2023-04-01,2023W13
10.0,2647376_1,2023-04-01 16:00:00,Nottingham Forest,Wolverhampton,D,2.98,0.38636363636363635,0.33557046979865773,1.1513636363636364,2023-04-01,2023W13
10.0,2647375_1,2023-04-01 13:30:00,Manchester City,Liverpool,"H/A&P1,5",1.4385000000000001,0.8,0.6951685783802571,1.1508000000000003,2023-04-01,2023W13
10.0,2697702_1,2023-03-31 20:30:00,Eintracht Frankfurt,Bochum,"H/D&P1,5",1.4385000000000001,0.8,0.6951685783802571,1.1508000000000003,2023-03-31,2023W13
10.0,2647373_1,2023-04-01 16:00:00,Brighton,Brentford,LDEMP,1.77,0.6499999999999999,0.5649717514124294,1.1504999999999999,2023-04-01,2023W13
10.0,2703014_1,2023-04-01 18:00:00,Inter Milan,Fiorentina,LDEMP,1.77,0.6499999999999999,0.5649717514124294,1.1504999999999999,2023-04-01,2023W13
10.0,2703014_1,2023-04-01 18:00:00,Inter Milan,Fiorentina,"M2,5",1.77,0.6499999999999999,0.5649717514124294,1.1504999999999999,2023-04-01,2023W13
10.0,2647390_1,2023-04-01 16:00:00,Coventry City,Stoke City,"D/A&P2,5",3.8325,0.30000000000000004,0.2609262883235486,1.1497500000000003,2023-04-01,2023W13
10.0,2669878_1,2023-04-02 17:30:00,Werder Breme,Hoffenheim,"H/D&P4,5",7.665,0.15000000000000002,0.1304631441617743,1.1497500000000003,2023-04-02,2023W13
10.0,2713422_1,2023-03-31 21:00:00,Marseille,Montpellier,"D/A&M1,5",7.665,0.15000000000000002,0.1304631441617743,1.1497500000000003,2023-03-31,2023W13
10.0,2647382_1,2023-04-01 16:00:00,Arsenal,Leeds United,"D/A&P2,5",7.665,0.15000000000000002,0.1304631441617743,1.1497500000000003,2023-04-01,2023W13
10.0,2703030_1,2023-04-02 15:00:00,Spezia,Salernitana,D/A&LDEMP,3.8325,0.3,0.2609262883235486,1.14975,2023-04-02,2023W13
10.0,2647392_1,2023-04-01 16:00:00,West Bromwich,Millwall,H/D&LDEM,2.2995,0.5,0.4348771472059143,1.14975,2023-04-01,2023W13
10.0,2647390_1,2023-04-01 16:00:00,Coventry City,Stoke City,"H/D&M2,5",2.0895,0.55,0.4785833931562574,1.1492250000000002,2023-04-01,2023W13
10.0,2697702_1,2023-03-31 20:30:00,Eintracht Frankfurt,Bochum,H,1.53,0.75,0.6535947712418301,1.1475,2023-03-31,2023W13
10.0,2713444_1,2023-04-01 15:30:00,RB Leipzig,Mainz,"H/A&P2,5",1.764,0.65,0.5668934240362812,1.1466,2023-04-01,2023W13
10.0,2713299_1,2023-04-01 17:00:00,Auxerre,Troyes,"H/A&P1,5",1.6380000000000001,0.7,0.6105006105006104,1.1466,2023-04-01,2023W13
10.0,2717835_1,2023-04-01 03:05:00,Necaxa,Santos,"H/D&P1,5",1.9110000000000003,0.6,0.5232862375719518,1.1466,2023-04-01,2023W13
10.0,2703027_1,2023-04-02 15:00:00,Monza,Lazio,"H/D&P1,5",2.289,0.5,0.436871996505024,1.1445,2023-04-02,2023W13
10.0,2703461_1,2023-04-02 21:00:00,Atletico Madrid,Real Betis,D/A&LDEMP,4.9350000000000005,0.2318181818181818,0.20263424518743667,1.1440227272727272,2023-04-02,2023W13
10.0,2647389_1,2023-03-31 21:00:00,Burnley,Sunderland,"P2,5",1.76,0.65,0.5681818181818182,1.144,2023-03-31,2023W13
10.0,2713438_1,2023-04-02 15:00:00,Nantes,Reims,H/D,1.43,0.8,0.6993006993006994,1.144,2023-04-02,2023W13
10.0,2691597_1,2023-04-01 21:00:00,Elche,Barcelona,"H/A&M4,5",1.4280000000000002,0.8,0.7002801120448179,1.1424,2023-04-01,2023W13
10.0,2703025_1,2023-04-01 15:00:00,Cremonese,Atalanta,"H/D&P3,5",7.612500000000001,0.15,0.13136288998357962,1.1418750000000002,2023-04-01,2023W13
10.0,2691601_1,2023-04-01 16:15:00,Athletic Club,Getafe,"D/A&M1,5",4.5675,0.25,0.21893814997263272,1.141875,2023-04-01,2023W13
10.0,2717835_1,2023-04-01 03:05:00,Necaxa,Santos,"D/A&P1,5",1.7535,0.6499999999999999,0.570287995437696,1.1397749999999998,2023-04-01,2023W13
10.0,2703025_1,2023-04-01 15:00:00,Cremonese,Atalanta,"H/A&M3,5",1.7535,0.6499999999999999,0.570287995437696,1.1397749999999998,2023-04-01,2023W13
10.0,2697702_1,2023-03-31 20:30:00,Eintracht Frankfurt,Bochum,"H/A&P3,5",3.2550000000000003,0.35,0.3072196620583717,1.13925,2023-03-31,2023W13
10.0,2647376_1,2023-04-01 16:00:00,Nottingham Forest,Wolverhampton,"P1,5",1.34,0.85,0.7462686567164178,1.139,2023-04-01,2023W13
10.0,2713426_1,2023-04-02 15:00:00,Angers,Nice,A,1.68,0.6772727272727272,0.5952380952380952,1.1378181818181818,2023-04-02,2023W13
10.0,2703025_1,2023-04-01 15:00:00,Cremonese,Atalanta,H,4.55,0.25,0.21978021978021978,1.1375,2023-04-01,2023W13
10.0,2647388_1,2023-04-02 15:00:00,West Ham,Southampton,LDEMP,1.71,0.6636363636363636,0.5847953216374269,1.1348181818181817,2023-04-02,2023W13
10.0,2697702_1,2023-03-31 20:30:00,Eintracht Frankfurt,Bochum,"H/D&P4,5",5.670000000000001,0.2,0.17636684303350966,1.1340000000000003,2023-03-31,2023W13
10.0,2647387_1,2023-04-02 17:30:00,Newcastle,Manchester United,"H/A&P3,5",3.7800000000000002,0.30000000000000004,0.26455026455026454,1.1340000000000003,2023-04-02,2023W13
10.0,2647382_1,2023-04-01 16:00:00,Arsenal,Leeds United,"D/A&P3,5",11.340000000000002,0.1,0.08818342151675483,1.1340000000000003,2023-04-01,2023W13
10.0,2647381_1,2023-04-01 16:00:00,Norwich City,Sheffield United,"D/A&M2,5",2.2680000000000002,0.5,0.4409171075837742,1.1340000000000001,2023-04-01,2023W13
10.0,2713432_1,2023-04-02 17:05:00,Monaco,Strasbourg,D/A,2.52,0.45,0.3968253968253968,1.1340000000000001,2023-04-02,2023W13
10.0,2713432_1,2023-04-02 17:05:00,Monaco,Strasbourg,"P2,5",1.62,0.7,0.6172839506172839,1.134,2023-04-02,2023W13
10.0,2647392_1,2023-04-01 16:00:00,West Bromwich,Millwall,"H/D&M2,5",2.058,0.55,0.4859086491739553,1.1319000000000001,2023-04-01,2023W13
10.0,2713423_1,2023-04-02 15:00:00,Clermont,Ajaccio,"P1,5",1.39,0.8136363636363637,0.7194244604316548,1.1309545454545455,2023-04-02,2023W13
10.0,2713444_1,2023-04-01 15:30:00,RB Leipzig,Mainz,A,5.65,0.2,0.17699115044247787,1.1300000000000001,2023-04-01,2023W13
10.0,2647388_1,2023-04-02 15:00:00,West Ham,Southampton,"H/A&M3,5",1.7010000000000003,0.6636363636363636,0.5878894767783656,1.1288454545454547,2023-04-02,2023W13
10.0,2647389_1,2023-03-31 21:00:00,Burnley,Sunderland,"H/D&P2,5",2.2575,0.5,0.44296788482835,1.12875,2023-03-31,2023W13
10.0,2713426_1,2023-04-02 15:00:00,Angers,Nice,"D/A&M4,5",1.3125,0.8590909090909091,0.7619047619047619,1.1275568181818183,2023-04-02,2023W13
10.0,2703028_1,2023-04-02 12:30:00,Bologna,Udinese,"M2,5",1.58,0.7136363636363636,0.6329113924050632,1.1275454545454546,2023-04-02,2023W13
10.0,2703039_1,2023-04-02 18:00:00,AS Rome,Sampdoria,"M2,5",1.61,0.7,0.6211180124223602,1.127,2023-04-02,2023W13
10.0,2703030_1,2023-04-02 15:00:00,Spezia,Salernitana,D,3.22,0.35,0.3105590062111801,1.127,2023-04-02,2023W13
10.0,2647381_1,2023-04-01 16:00:00,Norwich City,Sheffield United,"D/A&M4,5",1.5015,0.75,0.666000666000666,1.126125,2023-04-01,2023W13
10.0,2703039_1,2023-04-02 18:00:00,AS Rome,Sampdoria,H/A&LDEMP,1.7325,0.6499999999999999,0.5772005772005773,1.1261249999999998,2023-04-02,2023W13
10.0,2703461_1,2023-04-02 21:00:00,Atletico Madrid,Real Betis,"D/A&M4,5",2.1525,0.5227272727272727,0.4645760743321719,1.1251704545454544,2023-04-02,2023W13
10.0,2713432_1,2023-04-02 17:05:00,Monaco,Strasbourg,"P3,5",2.5,0.45,0.4,1.125,2023-04-02,2023W13
10.0,2691594_1,2023-04-02 16:15:00,Real Madrid,Valladolid,"M0,5",22.5,0.05,0.044444444444444446,1.125,2023-04-02,2023W13
10.0,2717835_1,2023-04-01 03:05:00,Necaxa,Santos,"P2,5",1.73,0.6499999999999999,0.5780346820809249,1.1244999999999998,2023-04-01,2023W13
10.0,2703028_1,2023-04-02 12:30:00,Bologna,Udinese,"D/A&M2,5",2.3729999999999998,0.4727272727272727,0.4214075010535188,1.121781818181818,2023-04-02,2023W13
10.0,2713438_1,2023-04-02 15:00:00,Nantes,Reims,"H/D&M3,5",1.8690000000000002,0.6,0.5350454788657035,1.1214000000000002,2023-04-02,2023W13
10.0,2697702_1,2023-03-31 20:30:00,Eintracht Frankfurt,Bochum,H/A,1.18,0.95,0.8474576271186441,1.1209999999999998,2023-03-31,2023W13
10.0,2703029_1,2023-04-01 20:45:00,Juventus,Hellas Verone,H/D&LDEM,2.4885,0.44999999999999996,0.40184850311432585,1.119825,2023-04-01,2023W13
10.0,2647382_1,2023-04-01 16:00:00,Arsenal,Leeds United,"H/A&P3,5",2.4885,0.45,0.40184850311432585,1.119825,2023-04-01,2023W13
10.0,2647376_1,2023-04-01 16:00:00,Nottingham Forest,Wolverhampton,LDEM,1.81,0.6181818181818182,0.5524861878453039,1.1189090909090909,2023-04-01,2023W13
10.0,2691597_1,2023-04-01 21:00:00,Elche,Barcelona,H,7.45,0.15000000000000002,0.1342281879194631,1.1175000000000002,2023-04-01,2023W13
10.0,2669878_1,2023-04-02 17:30:00,Werder Breme,Hoffenheim,"H/A&P1,5",1.596,0.7,0.6265664160401002,1.1172,2023-04-02,2023W13
10.0,2713426_1,2023-04-02 15:00:00,Angers,Nice,"D/A&M3,5",1.554,0.7181818181818183,0.6435006435006435,1.1160545454545456,2023-04-02,2023W13
10.0,2669878_1,2023-04-02 17:30:00,Werder Breme,Hoffenheim,H/A,1.24,0.9,0.8064516129032259,1.1159999999999999,2023-04-02,2023W13
10.0,2647392_1,2023-04-01 16:00:00,West Bromwich,Millwall,H/A,1.24,0.9,0.8064516129032259,1.1159999999999999,2023-04-01,2023W13
10.0,2647371_1,2023-04-01 16:00:00,Bournemouth,Fulham,"H/A&M1,5",4.4625,0.25,0.22408963585434172,1.115625,2023-04-01,2023W13
10.0,2713426_1,2023-04-02 15:00:00,Angers,Nice,"P1,5",1.29,0.8636363636363636,0.7751937984496123,1.1140909090909092,2023-04-02,2023W13
10.0,2647375_1,2023-04-01 13:30:00,Manchester City,Liverpool,H/A&LDEM,2.2260000000000004,0.5,0.44923629829290196,1.1130000000000002,2023-04-01,2023W13
10.0,2647375_1,2023-04-01 13:30:00,Manchester City,Liverpool,"H/A&P3,5",2.7825,0.4,0.35938903863432164,1.113,2023-04-01,2023W13
10.0,2703027_1,2023-04-02 15:00:00,Monza,Lazio,H/D&LDEM,2.7825,0.4,0.35938903863432164,1.113,2023-04-02,2023W13
10.0,2691608_1,2023-04-01 14:00:00,Gerone,Espanyol,"H/D&P2,5",2.604,0.42727272727272725,0.38402457757296465,1.1126181818181817,2023-04-01,2023W13
10.0,2647389_1,2023-03-31 21:00:00,Burnley,Sunderland,"H/A&P1,5",1.5855000000000001,0.7,0.630715862503942,1.10985,2023-03-31,2023W13
10.0,2647379_1,2023-04-01 16:00:00,Huddersfield,Middlesbrough,"H/A&M4,5",1.3860000000000001,0.8,0.7215007215007214,1.1088000000000002,2023-04-01,2023W13
10.0,2691595_1,2023-03-31 21:00:00,Majorque,Osasuna,"M2,5",1.29,0.8590909090909091,0.7751937984496123,1.1082272727272728,2023-03-31,2023W13
10.0,2647379_1,2023-04-01 16:00:00,Huddersfield,Middlesbrough,"D/A&P1,5",1.6695000000000002,0.6636363636363636,0.5989817310572026,1.1079409090909091,2023-04-01,2023W13
10.0,2703014_1,2023-04-01 18:00:00,Inter Milan,Fiorentina,"H/D&M2,5",2.2155,0.5,0.45136538027533285,1.10775,2023-04-01,2023W13
10.0,2647389_1,2023-03-31 21:00:00,Burnley,Sunderland,"P1,5",1.23,0.9,0.8130081300813008,1.107,2023-03-31,2023W13
10.0,2703461_1,2023-04-02 21:00:00,Atletico Madrid,Real Betis,"D/A&M1,5",5.932500000000001,0.18636363636363634,0.16856300042140748,1.1056022727272727,2023-04-02,2023W13
10.0,2703027_1,2023-04-02 15:00:00,Monza,Lazio,LDEMP,1.7,0.65,0.5882352941176471,1.105,2023-04-02,2023W13
10.0,2703027_1,2023-04-02 15:00:00,Monza,Lazio,H,3.15,0.35,0.31746031746031744,1.1025,2023-04-02,2023W13
10.0,2703014_1,2023-04-01 18:00:00,Inter Milan,Fiorentina,"H/D&M1,5",4.41,0.25,0.22675736961451246,1.1025,2023-04-01,2023W13
10.0,2697701_1,2023-04-02 15:30:00,Cologne,Borussia Monchengladbach,"H/A&P1,5",1.5750000000000002,0.7,0.6349206349206349,1.1025,2023-04-02,2023W13
10.0,2669878_1,2023-04-02 17:30:00,Werder Breme,Hoffenheim,"H/D&M1,5",5.5125,0.2,0.18140589569160998,1.1025,2023-04-02,2023W13
10.0,2713440_1,2023-04-01 15:30:00,Union Berlin,Stuttgart,"H/D&P4,5",11.025,0.1,0.09070294784580499,1.1025,2023-04-01,2023W13
10.0,2647378_1,2023-04-01 16:00:00,Cardiff City,Swansea,D/A&LDEM,2.5515000000000003,0.4318181818181818,0.39192631785224374,1.101784090909091,2023-04-01,2023W13
10.0,2647373_1,2023-04-01 16:00:00,Brighton,Brentford,"P5,5",11.0,0.1,0.09090909090909091,1.1,2023-04-01,2023W13
10.0,2647385_1,2023-04-01 18:30:00,Chelsea,Aston Villa,"M0,5",11.0,0.1,0.09090909090909091,1.1,2023-04-01,2023W13
10.0,2703050_1,2023-04-02 20:45:00,Naples,Milan AC,"H/A&M4,5",1.4489999999999998,0.759090909090909,0.6901311249137336,1.0999227272727272,2023-04-02,2023W13
10.0,2713423_1,2023-04-02 15:00:00,Clermont,Ajaccio,"H/A&P2,5",2.5725000000000002,0.42727272727272725,0.3887269193391642,1.099159090909091,2023-04-02,2023W13
10.0,2647385_1,2023-04-01 18:30:00,Chelsea,Aston Villa,"H/A&M3,5",1.6905000000000001,0.65,0.5915409642117716,1.0988250000000002,2023-04-01,2023W13
10.0,2717835_1,2023-04-01 03:05:00,Necaxa,Santos,"P1,5",1.22,0.9,0.819672131147541,1.098,2023-04-01,2023W13
10.0,2713300_1,2023-04-01 21:00:00,Rennes,Lens,H/D&LDEMP,2.8350000000000004,0.38636363636363635,0.3527336860670193,1.0953409090909092,2023-04-01,2023W13
10.0,2691606_1,2023-04-02 18:30:00,Villarreal,Real Sociedad,"H/A&M4,5",1.4595,0.75,0.6851661527920521,1.094625,2023-04-02,2023W13
10.0,2647378_1,2023-04-01 16:00:00,Cardiff City,Swansea,"H/D&M3,5",1.6485,0.6636363636363636,0.6066120715802245,1.0940045454545453,2023-04-01,2023W13
10.0,2691608_1,2023-04-01 14:00:00,Gerone,Espanyol,"H/D&P1,5",1.6485,0.6636363636363636,0.6066120715802245,1.0940045454545453,2023-04-01,2023W13
10.0,2713438_1,2023-04-02 15:00:00,Nantes,Reims,LDEMP,1.82,0.6,0.5494505494505494,1.092,2023-04-02,2023W13
10.0,2695187_1,2023-04-01 18:30:00,Bayern Munich,Dortmund,LDEMP,2.31,0.4727272727272727,0.4329004329004329,1.092,2023-04-01,2023W13
10.0,2703050_1,2023-04-02 20:45:00,Naples,Milan AC,H/A,1.2,0.9090909090909092,0.8333333333333334,1.090909090909091,2023-04-02,2023W13
10.0,2713432_1,2023-04-02 17:05:00,Monaco,Strasbourg,"H/A&P2,5",1.8165,0.6,0.5505092210294522,1.0899,2023-04-02,2023W13
10.0,2713300_1,2023-04-01 21:00:00,Rennes,Lens,H,2.22,0.49090909090909096,0.4504504504504504,1.089818181818182,2023-04-01,2023W13
10.0,2647376_1,2023-04-01 16:00:00,Nottingham Forest,Wolverhampton,"H/D&P2,5",3.8640000000000003,0.28181818181818186,0.25879917184265006,1.0889454545454549,2023-04-01,2023W13
10.0,2647378_1,2023-04-01 16:00:00,Cardiff City,Swansea,D,2.85,0.38181818181818183,0.3508771929824561,1.0881818181818184,2023-04-01,2023W13
10.0,2669878_1,2023-04-02 17:30:00,Werder Breme,Hoffenheim,"H/A&M4,5",1.554,0.7,0.6435006435006435,1.0877999999999999,2023-04-02,2023W13
10.0,2713300_1,2023-04-01 21:00:00,Rennes,Lens,"H/A&P2,5",2.2365,0.48636363636363633,0.447127207690588,1.0877522727272726,2023-04-01,2023W13
10.0,2647389_1,2023-03-31 21:00:00,Burnley,Sunderland,H/D&LDEM,2.1734999999999998,0.5,0.4600874166091558,1.0867499999999999,2023-03-31,2023W13
10.0,2703027_1,2023-04-02 15:00:00,Monza,Lazio,"H/A&M4,5",1.4489999999999998,0.75,0.6901311249137336,1.0867499999999999,2023-04-02,2023W13
10.0,2647390_1,2023-04-01 16:00:00,Coventry City,Stoke City,"D/A&P1,5",2.1734999999999998,0.5,0.4600874166091558,1.0867499999999999,2023-04-01,2023W13
10.0,2697702_1,2023-03-31 20:30:00,Eintracht Frankfurt,Bochum,"H/A&M4,5",1.4489999999999998,0.75,0.6901311249137336,1.0867499999999999,2023-03-31,2023W13
10.0,2647371_1,2023-04-01 16:00:00,Bournemouth,Fulham,"H/A&P2,5",2.1734999999999998,0.5,0.4600874166091558,1.0867499999999999,2023-04-01,2023W13
10.0,2647391_1,2023-04-01 16:00:00,Hull City,Rotherham United,"H/D&P1,5",1.6485,0.6590909090909092,0.6066120715802245,1.0865113636363637,2023-04-01,2023W13
10.0,2703461_1,2023-04-02 21:00:00,Atletico Madrid,Real Betis,"D/A&P2,5",5.8275,0.18636363636363634,0.1716001716001716,1.0860340909090909,2023-04-02,2023W13
10.0,2647381_1,2023-04-01 16:00:00,Norwich City,Sheffield United,"H/A&M3,5",1.6695000000000002,0.6499999999999999,0.5989817310572026,1.085175,2023-04-01,2023W13
10.0,2697702_1,2023-03-31 20:30:00,Eintracht Frankfurt,Bochum,"H/D&P3,5",3.0975,0.35,0.3228410008071025,1.084125,2023-03-31,2023W13
10.0,2691606_1,2023-04-02 18:30:00,Villarreal,Real Sociedad,"H/A&P1,5",1.806,0.6,0.5537098560354374,1.0836,2023-04-02,2023W13
10.0,2647376_1,2023-04-01 16:00:00,Nottingham Forest,Wolverhampton,H/D&LDEMP,2.8350000000000004,0.38181818181818183,0.3527336860670193,1.0824545454545458,2023-04-01,2023W13
10.0,2703461_1,2023-04-02 21:00:00,Atletico Madrid,Real Betis,"M3,5",1.26,0.8590909090909091,0.7936507936507936,1.0824545454545456,2023-04-02,2023W13
10.0,2647377_1,2023-04-01 16:00:00,Bristol City,Reading,H,1.92,0.5636363636363637,0.5208333333333334,1.0821818181818184,2023-04-01,2023W13
10.0,2703028_1,2023-04-02 12:30:00,Bologna,Udinese,LDEMP,1.75,0.6181818181818182,0.5714285714285714,1.0818181818181818,2023-04-02,2023W13
10.0,2647372_1,2023-04-01 13:30:00,Preston N. End,Blackpool,"H/D&M3,5",1.5435,0.7,0.647878198898607,1.0804500000000001,2023-04-01,2023W13
10.0,2697702_1,2023-03-31 20:30:00,Eintracht Frankfurt,Bochum,"P1,5",1.2,0.9,0.8333333333333334,1.08,2023-03-31,2023W13
10.0,2647385_1,2023-04-01 18:30:00,Chelsea,Aston Villa,"M4,5",1.08,1.0,0.9259259259259258,1.08,2023-04-01,2023W13
10.0,2713444_1,2023-04-01 15:30:00,RB Leipzig,Mainz,LDEM,1.66,0.6499999999999999,0.6024096385542169,1.0789999999999997,2023-04-01,2023W13
10.0,2697702_1,2023-03-31 20:30:00,Eintracht Frankfurt,Bochum,"P2,5",1.66,0.6499999999999999,0.6024096385542169,1.0789999999999997,2023-03-31,2023W13
10.0,2647381_1,2023-04-01 16:00:00,Norwich City,Sheffield United,"H/A&M4,5",1.4385000000000001,0.75,0.6951685783802571,1.078875,2023-04-01,2023W13
10.0,2713444_1,2023-04-01 15:30:00,RB Leipzig,Mainz,"H/A&P1,5",1.4385000000000001,0.75,0.6951685783802571,1.078875,2023-04-01,2023W13
10.0,2713422_1,2023-03-31 21:00:00,Marseille,Montpellier,"M2,5",1.96,0.55,0.5102040816326531,1.078,2023-03-31,2023W13
10.0,2647375_1,2023-04-01 13:30:00,Manchester City,Liverpool,H,1.54,0.7,0.6493506493506493,1.0779999999999998,2023-04-01,2023W13
10.0,2647390_1,2023-04-01 16:00:00,Coventry City,Stoke City,D,3.08,0.35,0.3246753246753247,1.0779999999999998,2023-04-01,2023W13
10.0,2691601_1,2023-04-01 16:15:00,Athletic Club,Getafe,"D/A&M3,5",2.3939999999999997,0.45,0.41771094402673353,1.0773,2023-04-01,2023W13
10.0,2697701_1,2023-04-02 15:30:00,Cologne,Borussia Monchengladbach,D/A&LDEMP,4.305,0.25,0.23228803716608595,1.07625,2023-04-02,2023W13
10.0,2713433_1,2023-04-02 20:45:00,Paris SG,Lyon,LDEM,1.61,0.6681818181818182,0.6211180124223602,1.0757727272727273,2023-04-02,2023W13
10.0,2647377_1,2023-04-01 16:00:00,Bristol City,Reading,H/A&LDEMP,2.058,0.5227272727272727,0.4859086491739553,1.075772727272727,2023-04-01,2023W13
10.0,2703050_1,2023-04-02 20:45:00,Naples,Milan AC,"P3,5",2.78,0.38636363636363635,0.3597122302158274,1.074090909090909,2023-04-02,2023W13
10.0,2691597_1,2023-04-01 21:00:00,Elche,Barcelona,"M4,5",1.13,0.95,0.8849557522123894,1.0735,2023-04-01,2023W13
10.0,2647371_1,2023-04-01 16:00:00,Bournemouth,Fulham,D/A&LDEMP,3.066,0.35,0.3261578604044358,1.0730999999999997,2023-04-01,2023W13
10.0,2703039_1,2023-04-02 18:00:00,AS Rome,Sampdoria,"M1,5",2.68,0.4,0.3731343283582089,1.072,2023-04-02,2023W13
10.0,2691606_1,2023-04-02 18:30:00,Villarreal,Real Sociedad,H/A,1.26,0.8500000000000001,0.7936507936507936,1.0710000000000002,2023-04-02,2023W13
10.0,2703030_1,2023-04-02 15:00:00,Spezia,Salernitana,"D/A&M3,5",2.1420000000000003,0.5,0.46685340802987857,1.0710000000000002,2023-04-02,2023W13
10.0,2703029_1,2023-04-01 20:45:00,Juventus,Hellas Verone,"H/D&M3,5",1.4280000000000002,0.75,0.7002801120448179,1.0710000000000002,2023-04-01,2023W13
10.0,2647389_1,2023-03-31 21:00:00,Burnley,Sunderland,"D/A&P1,5",2.6774999999999998,0.39999999999999997,0.3734827264239029,1.071,2023-03-31,2023W13
10.0,2691606_1,2023-04-02 18:30:00,Villarreal,Real Sociedad,"M3,5",1.19,0.9,0.8403361344537815,1.071,2023-04-02,2023W13
10.0,2703014_1,2023-04-01 18:00:00,Inter Milan,Fiorentina,H/A,1.19,0.9,0.8403361344537815,1.071,2023-04-01,2023W13
10.0,2647388_1,2023-04-02 15:00:00,West Ham,Southampton,"M4,5",1.07,1.0,0.9345794392523364,1.07,2023-04-02,2023W13
10.0,2713233_1,2023-04-02 05:10:00,Atlas,Guadalajara,"M4,5",1.07,1.0,0.9345794392523364,1.07,2023-04-02,2023W13
10.0,2691594_1,2023-04-02 16:15:00,Real Madrid,Valladolid,"M5,5",1.07,1.0,0.9345794392523364,1.07,2023-04-02,2023W13
10.0,2647378_1,2023-04-01 16:00:00,Cardiff City,Swansea,"H/D&M2,5",2.0265,0.5272727272727272,0.4934616333580064,1.0685181818181817,2023-04-01,2023W13
10.0,2691608_1,2023-04-01 14:00:00,Gerone,Espanyol,D,3.22,0.3318181818181818,0.3105590062111801,1.0684545454545455,2023-04-01,2023W13
10.0,2713299_1,2023-04-01 17:00:00,Auxerre,Troyes,"P2,5",1.78,0.6000000000000001,0.5617977528089888,1.068,2023-04-01,2023W13
10.0,2717835_1,2023-04-01 03:05:00,Necaxa,Santos,D,3.05,0.35,0.3278688524590164,1.0675,2023-04-01,2023W13
10.0,2697701_1,2023-04-02 15:30:00,Cologne,Borussia Monchengladbach,H,1.94,0.55,0.5154639175257733,1.067,2023-04-02,2023W13
10.0,2703030_1,2023-04-02 15:00:00,Spezia,Salernitana,D/A,1.64,0.65,0.6097560975609756,1.066,2023-04-02,2023W13
10.0,2647389_1,2023-03-31 21:00:00,Burnley,Sunderland,"H/D&P1,5",1.5225,0.7,0.6568144499178982,1.06575,2023-03-31,2023W13
10.0,2703028_1,2023-04-02 12:30:00,Bologna,Udinese,D/A&LDEMP,3.2550000000000003,0.32727272727272727,0.3072196620583717,1.0652727272727274,2023-04-02,2023W13
10.0,2703029_1,2023-04-01 20:45:00,Juventus,Hellas Verone,"P4,5",7.1,0.15,0.14084507042253522,1.065,2023-04-01,2023W13
10.0,2647392_1,2023-04-01 16:00:00,West Bromwich,Millwall,"H/D&M3,5",1.6380000000000001,0.65,0.6105006105006104,1.0647000000000002,2023-04-01,2023W13
10.0,2647385_1,2023-04-01 18:30:00,Chelsea,Aston Villa,"H/A&M4,5",1.4175000000000002,0.75,0.7054673721340387,1.0631250000000003,2023-04-01,2023W13
10.0,2703050_1,2023-04-02 20:45:00,Naples,Milan AC,"H/D&P4,5",7.0875,0.15,0.14109347442680775,1.063125,2023-04-02,2023W13
10.0,2703029_1,2023-04-01 20:45:00,Juventus,Hellas Verone,"H/A&M2,5",2.3625000000000003,0.45,0.42328042328042326,1.063125,2023-04-01,2023W13
10.0,2647382_1,2023-04-01 16:00:00,Arsenal,Leeds United,"H/D&P3,5",2.3625000000000003,0.44999999999999996,0.42328042328042326,1.0631249999999999,2023-04-01,2023W13
10.0,2647392_1,2023-04-01 16:00:00,West Bromwich,Millwall,"M3,5",1.18,0.9,0.8474576271186441,1.0619999999999998,2023-04-01,2023W13
10.0,2647371_1,2023-04-01 16:00:00,Bournemouth,Fulham,A,2.36,0.45,0.42372881355932207,1.0619999999999998,2023-04-01,2023W13
10.0,2713432_1,2023-04-02 17:05:00,Monaco,Strasbourg,"P1,5",1.18,0.9,0.8474576271186441,1.0619999999999998,2023-04-02,2023W13
10.0,2647379_1,2023-04-01 16:00:00,Huddersfield,Middlesbrough,D/A&LDEM,2.2680000000000002,0.46818181818181814,0.4409171075837742,1.0618363636363637,2023-04-01,2023W13
10.0,2647373_1,2023-04-01 16:00:00,Brighton,Brentford,"D/A&P2,5",5.3025,0.2,0.1885902876001886,1.0605,2023-04-01,2023W13
10.0,2647382_1,2023-04-01 16:00:00,Arsenal,Leeds United,"P3,5",2.12,0.5,0.4716981132075471,1.06,2023-04-01,2023W13
10.0,2647387_1,2023-04-02 17:30:00,Newcastle,Manchester United,"P4,5",5.3,0.2,0.18867924528301888,1.06,2023-04-02,2023W13
10.0,2647381_1,2023-04-01 16:00:00,Norwich City,Sheffield United,"M1,5",2.65,0.4,0.37735849056603776,1.06,2023-04-01,2023W13
10.0,2717840_1,2023-04-02 19:00:00,Toluca,Tigres UANL,"P2,5",1.63,0.65,0.6134969325153374,1.0595,2023-04-02,2023W13
10.0,2691608_1,2023-04-01 14:00:00,Gerone,Espanyol,"D/A&P1,5",2.4779999999999998,0.42727272727272725,0.4035512510088782,1.058781818181818,2023-04-01,2023W13
10.0,2647391_1,2023-04-01 16:00:00,Hull City,Rotherham United,"D/A&M2,5",2.4779999999999998,0.42727272727272725,0.4035512510088782,1.058781818181818,2023-04-01,2023W13
10.0,2713432_1,2023-04-02 17:05:00,Monaco,Strasbourg,"H/A&P3,5",3.024,0.35,0.3306878306878307,1.0584,2023-04-02,2023W13
10.0,2647377_1,2023-04-01 16:00:00,Bristol City,Reading,"H/A&M1,5",3.696,0.2863636363636364,0.27056277056277056,1.0584,2023-04-01,2023W13
10.0,2647376_1,2023-04-01 16:00:00,Nottingham Forest,Wolverhampton,"D/A&P1,5",2.0055,0.5272727272727272,0.4986287708800798,1.0574454545454544,2023-04-01,2023W13
10.0,2647388_1,2023-04-02 15:00:00,West Ham,Southampton,H/D&LDEMP,2.2365,0.4727272727272727,0.447127207690588,1.0572545454545454,2023-04-02,2023W13
10.0,2703461_1,2023-04-02 21:00:00,Atletico Madrid,Real Betis,"M2,5",1.71,0.6181818181818182,0.5847953216374269,1.057090909090909,2023-04-02,2023W13
10.0,2647379_1,2023-04-01 16:00:00,Huddersfield,Middlesbrough,"P2,5",1.89,0.5590909090909091,0.5291005291005292,1.056681818181818,2023-04-01,2023W13
10.0,2713300_1,2023-04-01 21:00:00,Rennes,Lens,"H/D&M4,5",1.4805,0.7136363636363636,0.6754474839581223,1.0565386363636364,2023-04-01,2023W13
10.0,2647377_1,2023-04-01 16:00:00,Bristol City,Reading,"H/A&M2,5",2.4465000000000003,0.4318181818181818,0.4087471898630696,1.056443181818182,2023-04-01,2023W13
10.0,2647373_1,2023-04-01 16:00:00,Brighton,Brentford,H/A&LDEMP,2.1105,0.5,0.4738213693437574,1.05525,2023-04-01,2023W13
10.0,2703029_1,2023-04-01 20:45:00,Juventus,Hellas Verone,"H/D&P4,5",7.035,0.15,0.1421464108031272,1.05525,2023-04-01,2023W13
10.0,2703050_1,2023-04-02 20:45:00,Naples,Milan AC,H,1.67,0.6318181818181818,0.5988023952095809,1.0551363636363635,2023-04-02,2023W13
10.0,2713300_1,2023-04-01 21:00:00,Rennes,Lens,"H/D&P1,5",1.827,0.5772727272727273,0.5473453749315819,1.0546772727272726,2023-04-01,2023W13
10.0,2713426_1,2023-04-02 15:00:00,Angers,Nice,D/A,1.16,0.9090909090909092,0.8620689655172414,1.0545454545454547,2023-04-02,2023W13
10.0,2647375_1,2023-04-01 13:30:00,Manchester City,Liverpool,H/A,1.17,0.9,0.8547008547008548,1.053,2023-04-01,2023W13
10.0,2691597_1,2023-04-01 21:00:00,Elche,Barcelona,"D/A&M4,5",1.3125,0.8,0.7619047619047619,1.05,2023-04-01,2023W13
10.0,2669878_1,2023-04-02 17:30:00,Werder Breme,Hoffenheim,"H/A&P4,5",5.25,0.2,0.19047619047619047,1.05,2023-04-02,2023W13
10.0,2703025_1,2023-04-01 15:00:00,Cremonese,Atalanta,"M0,5",10.5,0.1,0.09523809523809523,1.05,2023-04-01,2023W13
10.0,2703027_1,2023-04-02 15:00:00,Monza,Lazio,"M4,5",1.05,1.0,0.9523809523809523,1.05,2023-04-02,2023W13
10.0,2691594_1,2023-04-02 16:15:00,Real Madrid,Valladolid,A,10.5,0.1,0.09523809523809523,1.05,2023-04-02,2023W13
10.0,2647382_1,2023-04-01 16:00:00,Arsenal,Leeds United,LDEM,1.75,0.6,0.5714285714285714,1.05,2023-04-01,2023W13
10.0,2647376_1,2023-04-01 16:00:00,Nottingham Forest,Wolverhampton,"P0,5",1.05,1.0,0.9523809523809523,1.05,2023-04-01,2023W13
10.0,2695187_1,2023-04-01 18:30:00,Bayern Munich,Dortmund,D/A,2.48,0.42272727272727273,0.40322580645161293,1.0483636363636364,2023-04-01,2023W13
10.0,2703028_1,2023-04-02 12:30:00,Bologna,Udinese,"H/D&M4,5",1.4595,0.7181818181818183,0.6851661527920521,1.0481863636363637,2023-04-02,2023W13
10.0,2697701_1,2023-04-02 15:30:00,Cologne,Borussia Monchengladbach,"P2,5",1.61,0.65,0.6211180124223602,1.0465000000000002,2023-04-02,2023W13
10.0,2691608_1,2023-04-01 14:00:00,Gerone,Espanyol,"D/A&P3,5",7.1925,0.14545454545454545,0.13903371567605144,1.046181818181818,2023-04-01,2023W13
10.0,2713433_1,2023-04-02 20:45:00,Paris SG,Lyon,"H/A&P2,5",1.6800000000000002,0.6227272727272727,0.5952380952380952,1.046181818181818,2023-04-02,2023W13
10.0,2647381_1,2023-04-01 16:00:00,Norwich City,Sheffield United,"H/A&M2,5",2.6145000000000005,0.4,0.3824823101931535,1.0458000000000003,2023-04-01,2023W13
10.0,2697702_1,2023-03-31 20:30:00,Eintracht Frankfurt,Bochum,"H/A&M3,5",1.7429999999999999,0.6,0.5737234652897304,1.0457999999999998,2023-03-31,2023W13
10.0,2703029_1,2023-04-01 20:45:00,Juventus,Hellas Verone,H/A&LDEMP,1.7429999999999999,0.6,0.5737234652897304,1.0457999999999998,2023-04-01,2023W13
10.0,2713233_1,2023-04-02 05:10:00,Atlas,Guadalajara,D,3.05,0.34285714285714286,0.3278688524590164,1.0457142857142856,2023-04-02,2023W13
10.0,2703461_1,2023-04-02 21:00:00,Atletico Madrid,Real Betis,D,3.65,0.2863636363636364,0.273972602739726,1.045227272727273,2023-04-02,2023W13
10.0,2703039_1,2023-04-02 18:00:00,AS Rome,Sampdoria,"D/A&P1,5",4.179,0.25,0.2392916965781287,1.04475,2023-04-02,2023W13
10.0,2713438_1,2023-04-02 15:00:00,Nantes,Reims,"H/A&M1,5",4.179,0.25,0.2392916965781287,1.04475,2023-04-02,2023W13
10.0,2697701_1,2023-04-02 15:30:00,Cologne,Borussia Monchengladbach,H/A&LDEM,2.3205,0.45,0.43094160741219567,1.044225,2023-04-02,2023W13
10.0,2713444_1,2023-04-01 15:30:00,RB Leipzig,Mainz,"P1,5",1.16,0.9,0.8620689655172414,1.044,2023-04-01,2023W13
10.0,2703029_1,2023-04-01 20:45:00,Juventus,Hellas Verone,H,1.39,0.75,0.7194244604316548,1.0425,2023-04-01,2023W13
10.0,2647381_1,2023-04-01 16:00:00,Norwich City,Sheffield United,D/A,1.39,0.75,0.7194244604316548,1.0425,2023-04-01,2023W13
10.0,2647388_1,2023-04-02 15:00:00,West Ham,Southampton,D/A&LDEMP,4.41,0.23636363636363636,0.22675736961451246,1.0423636363636364,2023-04-02,2023W13
10.0,2691595_1,2023-03-31 21:00:00,Majorque,Osasuna,"H/A&M2,5",2.1420000000000003,0.48636363636363633,0.46685340802987857,1.0417909090909092,2023-03-31,2023W13
10.0,2647371_1,2023-04-01 16:00:00,Bournemouth,Fulham,H/A&LDEM,2.604,0.4,0.38402457757296465,1.0416,2023-04-01,2023W13
10.0,2669878_1,2023-04-02 17:30:00,Werder Breme,Hoffenheim,"H/D&P2,5",2.604,0.4,0.38402457757296465,1.0416,2023-04-02,2023W13
10.0,2703014_1,2023-04-01 18:00:00,Inter Milan,Fiorentina,"D/A&M3,5",2.604,0.4,0.38402457757296465,1.0416,2023-04-01,2023W13
10.0,2647388_1,2023-04-02 15:00:00,West Ham,Southampton,"H/A&P1,5",1.6590000000000003,0.6272727272727273,0.6027727546714887,1.0406454545454549,2023-04-02,2023W13
10.0,2713423_1,2023-04-02 15:00:00,Clermont,Ajaccio,"D/A&M4,5",1.6590000000000003,0.6272727272727273,0.6027727546714887,1.0406454545454549,2023-04-02,2023W13
10.0,2691608_1,2023-04-01 14:00:00,Gerone,Espanyol,"P0,5",1.04,1.0,0.9615384615384615,1.04,2023-04-01,2023W13
10.0,2647379_1,2023-04-01 16:00:00,Huddersfield,Middlesbrough,"M4,5",1.04,1.0,0.9615384615384615,1.04,2023-04-01,2023W13
10.0,2647392_1,2023-04-01 16:00:00,West Bromwich,Millwall,"P0,5",1.04,1.0,0.9615384615384615,1.04,2023-04-01,2023W13
10.0,2713423_1,2023-04-02 15:00:00,Clermont,Ajaccio,"P2,5",2.2,0.4727272727272727,0.45454545454545453,1.04,2023-04-02,2023W13
10.0,2691594_1,2023-04-02 16:15:00,Real Madrid,Valladolid,H/D&LDEM,2.079,0.5,0.481000481000481,1.0395,2023-04-02,2023W13
10.0,2703039_1,2023-04-02 18:00:00,AS Rome,Sampdoria,"H/D&M2,5",1.8900000000000001,0.55,0.5291005291005291,1.0395,2023-04-02,2023W13
10.0,2713423_1,2023-04-02 15:00:00,Clermont,Ajaccio,D/A&LDEM,3.129,0.3318181818181818,0.31959092361776925,1.0382590909090907,2023-04-02,2023W13
10.0,2703028_1,2023-04-02 12:30:00,Bologna,Udinese,"M3,5",1.2,0.8636363636363636,0.8333333333333334,1.0363636363636364,2023-04-02,2023W13
10.0,2691595_1,2023-03-31 21:00:00,Majorque,Osasuna,D,2.78,0.3727272727272727,0.3597122302158274,1.0361818181818179,2023-03-31,2023W13
10.0,2647375_1,2023-04-01 13:30:00,Manchester City,Liverpool,"P2,5",1.48,0.7,0.6756756756756757,1.036,2023-04-01,2023W13
10.0,2703014_1,2023-04-01 18:00:00,Inter Milan,Fiorentina,"M4,5",1.09,0.95,0.9174311926605504,1.0355,2023-04-01,2023W13
10.0,2713423_1,2023-04-02 15:00:00,Clermont,Ajaccio,D/A,1.65,0.6272727272727273,0.6060606060606061,1.0350000000000001,2023-04-02,2023W13
10.0,2647388_1,2023-04-02 15:00:00,West Ham,Southampton,H/A,1.21,0.8545454545454545,0.8264462809917356,1.0339999999999998,2023-04-02,2023W13
10.0,2647388_1,2023-04-02 15:00:00,West Ham,Southampton,"M2,5",1.66,0.6227272727272727,0.6024096385542169,1.0337272727272726,2023-04-02,2023W13
10.0,2647387_1,2023-04-02 17:30:00,Newcastle,Manchester United,"D/A&M2,5",2.583,0.4,0.3871467286101432,1.0332000000000001,2023-04-02,2023W13
10.0,2647372_1,2023-04-01 13:30:00,Preston N. End,Blackpool,"H/A&P1,5",1.722,0.6,0.5807200929152149,1.0332,2023-04-01,2023W13
10.0,2713426_1,2023-04-02 15:00:00,Angers,Nice,"H/A&M3,5",1.6590000000000003,0.6227272727272727,0.6027727546714887,1.0331045454545456,2023-04-02,2023W13
10.0,2691595_1,2023-03-31 21:00:00,Majorque,Osasuna,"D/A&M2,5",1.974,0.5227272727272727,0.5065856129685917,1.0318636363636362,2023-03-31,2023W13
10.0,2647372_1,2023-04-01 13:30:00,Preston N. End,Blackpool,"H/A&M4,5",1.3755000000000002,0.75,0.7270083605961468,1.031625,2023-04-01,2023W13
10.0,2713444_1,2023-04-01 15:30:00,RB Leipzig,Mainz,"H/D&P1,5",1.3755000000000002,0.75,0.7270083605961468,1.031625,2023-04-01,2023W13
10.0,2647390_1,2023-04-01 16:00:00,Coventry City,Stoke City,H/D&LDEM,2.289,0.45,0.436871996505024,1.0300500000000001,2023-04-01,2023W13
10.0,2703039_1,2023-04-02 18:00:00,AS Rome,Sampdoria,"P0,5",1.03,1.0,0.970873786407767,1.03,2023-04-02,2023W13
10.0,2647389_1,2023-03-31 21:00:00,Burnley,Sunderland,"P0,5",1.03,1.0,0.970873786407767,1.03,2023-03-31,2023W13
10.0,2717835_1,2023-04-01 03:05:00,Necaxa,Santos,"P0,5",1.03,1.0,0.970873786407767,1.03,2023-04-01,2023W13
10.0,2697702_1,2023-03-31 20:30:00,Eintracht Frankfurt,Bochum,A,5.15,0.2,0.1941747572815534,1.03,2023-03-31,2023W13
10.0,2691597_1,2023-04-01 21:00:00,Elche,Barcelona,"M5,5",1.03,1.0,0.970873786407767,1.03,2023-04-01,2023W13
10.0,2647377_1,2023-04-01 16:00:00,Bristol City,Reading,"M2,5",1.53,0.6727272727272727,0.6535947712418301,1.0292727272727273,2023-04-01,2023W13
10.0,2647388_1,2023-04-02 15:00:00,West Ham,Southampton,"D/A&M3,5",2.3835,0.4318181818181818,0.4195510803440319,1.0292386363636363,2023-04-02,2023W13
10.0,2697702_1,2023-03-31 20:30:00,Eintracht Frankfurt,Bochum,"H/A&P4,5",5.1450000000000005,0.2,0.1943634596695821,1.0290000000000001,2023-03-31,2023W13
10.0,2713438_1,2023-04-02 15:00:00,Nantes,Reims,"H/D&P3,5",5.1450000000000005,0.2,0.1943634596695821,1.0290000000000001,2023-04-02,2023W13
10.0,2691594_1,2023-04-02 16:15:00,Real Madrid,Valladolid,"H/A&M4,5",1.47,0.7,0.6802721088435374,1.029,2023-04-02,2023W13
10.0,2691601_1,2023-04-01 16:15:00,Athletic Club,Getafe,"D/A&M4,5",2.058,0.5,0.4859086491739553,1.029,2023-04-01,2023W13
10.0,2703039_1,2023-04-02 18:00:00,AS Rome,Sampdoria,"M3,5",1.21,0.8500000000000001,0.8264462809917356,1.0285,2023-04-02,2023W13
10.0,2647381_1,2023-04-01 16:00:00,Norwich City,Sheffield United,"M3,5",1.21,0.8500000000000001,0.8264462809917356,1.0285,2023-04-01,2023W13
10.0,2703029_1,2023-04-01 20:45:00,Juventus,Hellas Verone,"H/D&M2,5",1.8690000000000002,0.55,0.5350454788657035,1.0279500000000001,2023-04-01,2023W13
10.0,2691597_1,2023-04-01 21:00:00,Elche,Barcelona,H/A&LDEMP,1.8690000000000002,0.55,0.5350454788657035,1.0279500000000001,2023-04-01,2023W13
10.0,2647391_1,2023-04-01 16:00:00,Hull City,Rotherham United,"P1,5",1.27,0.8090909090909091,0.7874015748031495,1.0275454545454545,2023-04-01,2023W13
10.0,2695187_1,2023-04-01 18:30:00,Bayern Munich,Dortmund,"H/A&M3,5",2.2155,0.4636363636363636,0.45136538027533285,1.0271863636363636,2023-04-01,2023W13
10.0,2703029_1,2023-04-01 20:45:00,Juventus,Hellas Verone,H/D&LDEMP,1.7115,0.6,0.5842827928717499,1.0269,2023-04-01,2023W13
10.0,2647391_1,2023-04-01 16:00:00,Hull City,Rotherham United,"D/A&P1,5",2.3520000000000003,0.43636363636363634,0.4251700680272108,1.026327272727273,2023-04-01,2023W13
10.0,2647377_1,2023-04-01 16:00:00,Bristol City,Reading,LDEMP,1.66,0.6181818181818182,0.6024096385542169,1.026181818181818,2023-04-01,2023W13
10.0,2713426_1,2023-04-02 15:00:00,Angers,Nice,"H/A&M4,5",1.4280000000000002,0.7181818181818183,0.7002801120448179,1.0255636363636365,2023-04-02,2023W13
10.0,2647382_1,2023-04-01 16:00:00,Arsenal,Leeds United,"M1,5",4.1,0.25,0.24390243902439027,1.025,2023-04-01,2023W13
10.0,2713440_1,2023-04-01 15:30:00,Union Berlin,Stuttgart,"H/D&M3,5",1.5750000000000002,0.65,0.6349206349206349,1.0237500000000002,2023-04-01,2023W13
10.0,2647372_1,2023-04-01 13:30:00,Preston N. End,Blackpool,"H/A&M3,5",1.5750000000000002,0.6499999999999999,0.6349206349206349,1.02375,2023-04-01,2023W13
10.0,2703029_1,2023-04-01 20:45:00,Juventus,Hellas Verone,"H/A&M3,5",1.5750000000000002,0.6499999999999999,0.6349206349206349,1.02375,2023-04-01,2023W13
10.0,2691601_1,2023-04-01 16:15:00,Athletic Club,Getafe,"H/A&M1,5",3.4125,0.3,0.29304029304029305,1.02375,2023-04-01,2023W13
10.0,2713300_1,2023-04-01 21:00:00,Rennes,Lens,H/D,1.34,0.7636363636363637,0.7462686567164178,1.0232727272727273,2023-04-01,2023W13
10.0,2703028_1,2023-04-02 12:30:00,Bologna,Udinese,"H/A&M2,5",2.6774999999999998,0.38181818181818183,0.3734827264239029,1.022318181818182,2023-04-02,2023W13
10.0,2647375_1,2023-04-01 13:30:00,Manchester City,Liverpool,"H/D&P2,5",1.8585,0.55,0.5380683346785041,1.0221750000000003,2023-04-01,2023W13
10.0,2713444_1,2023-04-01 15:30:00,RB Leipzig,Mainz,"H/D&P2,5",1.8585,0.55,0.5380683346785041,1.0221750000000003,2023-04-01,2023W13
10.0,2703029_1,2023-04-01 20:45:00,Juventus,Hellas Verone,"H/D&P1,5",1.4595,0.7,0.6851661527920521,1.02165,2023-04-01,2023W13
10.0,2713432_1,2023-04-02 17:05:00,Monaco,Strasbourg,"H/A&P1,5",1.4595,0.7,0.6851661527920521,1.02165,2023-04-02,2023W13
10.0,2695187_1,2023-04-01 18:30:00,Bayern Munich,Dortmund,"P1,5",1.07,0.9545454545454546,0.9345794392523364,1.0213636363636365,2023-04-01,2023W13
10.0,2703030_1,2023-04-02 15:00:00,Spezia,Salernitana,"H/A&P1,5",1.7010000000000003,0.6,0.5878894767783656,1.0206000000000002,2023-04-02,2023W13
10.0,2703014_1,2023-04-01 18:00:00,Inter Milan,Fiorentina,H/D&LDEMP,2.2680000000000002,0.44999999999999996,0.4409171075837742,1.0206,2023-04-01,2023W13
10.0,2647391_1,2023-04-01 16:00:00,Hull City,Rotherham United,"H/D&M4,5",1.344,0.759090909090909,0.744047619047619,1.020218181818182,2023-04-01,2023W13
10.0,2691595_1,2023-03-31 21:00:00,Majorque,Osasuna,"H/D&M3,5",1.4385000000000001,0.7090909090909091,0.6951685783802571,1.0200272727272728,2023-03-31,2023W13
10.0,2713432_1,2023-04-02 17:05:00,Monaco,Strasbourg,"P0,5",1.02,1.0,0.9803921568627451,1.02,2023-04-02,2023W13
10.0,2669878_1,2023-04-02 17:30:00,Werder Breme,Hoffenheim,"P0,5",1.02,1.0,0.9803921568627451,1.02,2023-04-02,2023W13
10.0,2713422_1,2023-03-31 21:00:00,Marseille,Montpellier,"P0,5",1.02,1.0,0.9803921568627451,1.02,2023-03-31,2023W13
10.0,2697702_1,2023-03-31 20:30:00,Eintracht Frankfurt,Bochum,"P0,5",1.02,1.0,0.9803921568627451,1.02,2023-03-31,2023W13
10.0,2703014_1,2023-04-01 18:00:00,Inter Milan,Fiorentina,"P0,5",1.02,1.0,0.9803921568627451,1.02,2023-04-01,2023W13
10.0,2647385_1,2023-04-01 18:30:00,Chelsea,Aston Villa,"M5,5",1.02,1.0,0.9803921568627451,1.02,2023-04-01,2023W13
10.0,2713444_1,2023-04-01 15:30:00,RB Leipzig,Mainz,"P0,5",1.02,1.0,0.9803921568627451,1.02,2023-04-01,2023W13
10.0,2713432_1,2023-04-02 17:05:00,Monaco,Strasbourg,"P5,5",10.2,0.1,0.09803921568627452,1.02,2023-04-02,2023W13
10.0,2647390_1,2023-04-01 16:00:00,Coventry City,Stoke City,LDEM,1.7,0.6,0.5882352941176471,1.02,2023-04-01,2023W13
10.0,2713299_1,2023-04-01 17:00:00,Auxerre,Troyes,LDEM,1.7,0.6,0.5882352941176471,1.02,2023-04-01,2023W13
10.0,2703039_1,2023-04-02 18:00:00,AS Rome,Sampdoria,D/A,2.55,0.4,0.3921568627450981,1.02,2023-04-02,2023W13
10.0,2713432_1,2023-04-02 17:05:00,Monaco,Strasbourg,"H/D&P4,5",5.0925,0.2,0.19636720667648502,1.0185000000000002,2023-04-02,2023W13
10.0,2647387_1,2023-04-02 17:30:00,Newcastle,Manchester United,"D/A&M3,5",2.037,0.5,0.4909180166912126,1.0185,2023-04-02,2023W13
10.0,2647379_1,2023-04-01 16:00:00,Huddersfield,Middlesbrough,"D/A&M4,5",1.3335000000000001,0.7636363636363637,0.7499062617172852,1.018309090909091,2023-04-01,2023W13
10.0,2691595_1,2023-03-31 21:00:00,Majorque,Osasuna,"D/A&P1,5",2.7300000000000004,0.3727272727272727,0.3663003663003662,1.0175454545454548,2023-03-31,2023W13
10.0,2713433_1,2023-04-02 20:45:00,Paris SG,Lyon,"H/D&M1,5",5.460000000000001,0.18636363636363634,0.1831501831501831,1.0175454545454548,2023-04-02,2023W13
10.0,2703461_1,2023-04-02 21:00:00,Atletico Madrid,Real Betis,"H/A&M1,5",4.305,0.23636363636363636,0.23228803716608595,1.0175454545454545,2023-04-02,2023W13
10.0,2647391_1,2023-04-01 16:00:00,Hull City,Rotherham United,"M3,5",1.19,0.8545454545454545,0.8403361344537815,1.0169090909090908,2023-04-01,2023W13
10.0,2703029_1,2023-04-01 20:45:00,Juventus,Hellas Verone,H/D,1.07,0.95,0.9345794392523364,1.0165,2023-04-01,2023W13
10.0,2713300_1,2023-04-01 21:00:00,Rennes,Lens,"M4,5",1.07,0.95,0.9345794392523364,1.0165,2023-04-01,2023W13
10.0,2647378_1,2023-04-01 16:00:00,Cardiff City,Swansea,"H/A&M1,5",3.549,0.2863636363636364,0.2817695125387433,1.0163045454545454,2023-04-01,2023W13
10.0,2647379_1,2023-04-01 16:00:00,Huddersfield,Middlesbrough,A,1.8,0.5636363636363637,0.5555555555555556,1.0145454545454546,2023-04-01,2023W13
10.0,2703027_1,2023-04-02 15:00:00,Monza,Lazio,H/D&LDEMP,3.3810000000000002,0.30000000000000004,0.2957704821058858,1.0143000000000002,2023-04-02,2023W13
10.0,2703030_1,2023-04-02 15:00:00,Spezia,Salernitana,A,3.38,0.30000000000000004,0.2958579881656805,1.014,2023-04-02,2023W13
10.0,2713422_1,2023-03-31 21:00:00,Marseille,Montpellier,"D/A&P3,5",10.1325,0.1,0.09869232667160129,1.01325,2023-03-31,2023W13
10.0,2647389_1,2023-03-31 21:00:00,Burnley,Sunderland,A,4.05,0.25,0.2469135802469136,1.0125,2023-03-31,2023W13
10.0,2669878_1,2023-04-02 17:30:00,Werder Breme,Hoffenheim,"M3,5",1.35,0.75,0.7407407407407407,1.0125,2023-04-02,2023W13
10.0,2703028_1,2023-04-02 12:30:00,Bologna,Udinese,D,3.05,0.3318181818181818,0.3278688524590164,1.0120454545454545,2023-04-02,2023W13
10.0,2647378_1,2023-04-01 16:00:00,Cardiff City,Swansea,"H/D&M1,5",3.591,0.28181818181818186,0.278473962684489,1.012009090909091,2023-04-01,2023W13
10.0,2703027_1,2023-04-02 15:00:00,Monza,Lazio,"M3,5",1.19,0.8500000000000001,0.8403361344537815,1.0115,2023-04-02,2023W13
10.0,2647372_1,2023-04-01 13:30:00,Preston N. End,Blackpool,"H/A&P2,5",2.2470000000000003,0.45,0.4450378282153982,1.0111500000000002,2023-04-01,2023W13
10.0,2647378_1,2023-04-01 16:00:00,Cardiff City,Swansea,H/D,1.34,0.7545454545454545,0.7462686567164178,1.011090909090909,2023-04-01,2023W13
10.0,2647373_1,2023-04-01 16:00:00,Brighton,Brentford,"H/A&M2,5",2.8875,0.35,0.3463203463203463,1.0106249999999999,2023-04-01,2023W13
10.0,2713433_1,2023-04-02 20:45:00,Paris SG,Lyon,"H/A&P3,5",2.6460000000000004,0.38181818181818183,0.37792894935752075,1.0102909090909091,2023-04-02,2023W13
10.0,2691597_1,2023-04-01 21:00:00,Elche,Barcelona,"P0,5",1.01,1.0,0.9900990099009901,1.01,2023-04-01,2023W13
10.0,2695187_1,2023-04-01 18:30:00,Bayern Munich,Dortmund,"P0,5",1.01,1.0,0.9900990099009901,1.01,2023-04-01,2023W13
10.0,2713440_1,2023-04-01 15:30:00,Union Berlin,Stuttgart,"M5,5",1.01,1.0,0.9900990099009901,1.01,2023-04-01,2023W13
10.0,2647389_1,2023-03-31 21:00:00,Burnley,Sunderland,"M5,5",1.01,1.0,0.9900990099009901,1.01,2023-03-31,2023W13
10.0,2691601_1,2023-04-01 16:15:00,Athletic Club,Getafe,"M5,5",1.01,1.0,0.9900990099009901,1.01,2023-04-01,2023W13
10.0,2703027_1,2023-04-02 15:00:00,Monza,Lazio,"M5,5",1.01,1.0,0.9900990099009901,1.01,2023-04-02,2023W13
10.0,2647388_1,2023-04-02 15:00:00,West Ham,Southampton,"M5,5",1.01,1.0,0.9900990099009901,1.01,2023-04-02,2023W13
10.0,2713426_1,2023-04-02 15:00:00,Angers,Nice,"M5,5",1.01,1.0,0.9900990099009901,1.01,2023-04-02,2023W13
10.0,2647371_1,2023-04-01 16:00:00,Bournemouth,Fulham,"M5,5",1.01,1.0,0.9900990099009901,1.01,2023-04-01,2023W13
10.0,2703028_1,2023-04-02 12:30:00,Bologna,Udinese,"M5,5",1.01,1.0,0.9900990099009901,1.01,2023-04-02,2023W13
10.0,2713438_1,2023-04-02 15:00:00,Nantes,Reims,"M5,5",1.01,1.0,0.9900990099009901,1.01,2023-04-02,2023W13
10.0,2713233_1,2023-04-02 05:10:00,Atlas,Guadalajara,"M5,5",1.01,1.0,0.9900990099009901,1.01,2023-04-02,2023W13
10.0,2713300_1,2023-04-01 21:00:00,Rennes,Lens,"M5,5",1.01,1.0,0.9900990099009901,1.01,2023-04-01,2023W13
10.0,2647379_1,2023-04-01 16:00:00,Huddersfield,Middlesbrough,"M5,5",1.01,1.0,0.9900990099009901,1.01,2023-04-01,2023W13
10.0,2647376_1,2023-04-01 16:00:00,Nottingham Forest,Wolverhampton,"M5,5",1.01,1.0,0.9900990099009901,1.01,2023-04-01,2023W13
10.0,2647381_1,2023-04-01 16:00:00,Norwich City,Sheffield United,"M5,5",1.01,1.0,0.9900990099009901,1.01,2023-04-01,2023W13
10.0,2647391_1,2023-04-01 16:00:00,Hull City,Rotherham United,"M5,5",1.01,1.0,0.9900990099009901,1.01,2023-04-01,2023W13
10.0,2703039_1,2023-04-02 18:00:00,AS Rome,Sampdoria,"H/A&M4,5",1.344,0.75,0.744047619047619,1.0080000000000002,2023-04-02,2023W13
10.0,2669878_1,2023-04-02 17:30:00,Werder Breme,Hoffenheim,"H/A&M1,5",5.04,0.2,0.1984126984126984,1.008,2023-04-02,2023W13
10.0,2647373_1,2023-04-01 16:00:00,Brighton,Brentford,"D/A&P4,5",20.16,0.05,0.0496031746031746,1.008,2023-04-01,2023W13
10.0,2647387_1,2023-04-02 17:30:00,Newcastle,Manchester United,"H/D&M1,5",5.04,0.2,0.1984126984126984,1.008,2023-04-02,2023W13
10.0,2647371_1,2023-04-01 16:00:00,Bournemouth,Fulham,"M1,5",2.88,0.35,0.3472222222222222,1.008,2023-04-01,2023W13
10.0,2703014_1,2023-04-01 18:00:00,Inter Milan,Fiorentina,D/A&LDEMP,5.04,0.2,0.1984126984126984,1.008,2023-04-01,2023W13
10.0,2713444_1,2023-04-01 15:30:00,RB Leipzig,Mainz,"P2,5",1.55,0.65,0.6451612903225806,1.0075,2023-04-01,2023W13
10.0,2703461_1,2023-04-02 21:00:00,Atletico Madrid,Real Betis,"H/D&M2,5",2.1105,0.4772727272727273,0.4738213693437574,1.007284090909091,2023-04-02,2023W13
10.0,2713423_1,2023-04-02 15:00:00,Clermont,Ajaccio,"P0,5",1.06,0.95,0.9433962264150942,1.0070000000000001,2023-04-02,2023W13
10.0,2647381_1,2023-04-01 16:00:00,Norwich City,Sheffield United,"M4,5",1.06,0.95,0.9433962264150942,1.0070000000000001,2023-04-01,2023W13
10.0,2713426_1,2023-04-02 15:00:00,Angers,Nice,"M4,5",1.06,0.95,0.9433962264150942,1.0070000000000001,2023-04-02,2023W13
10.0,2713438_1,2023-04-02 15:00:00,Nantes,Reims,"M4,5",1.06,0.95,0.9433962264150942,1.0070000000000001,2023-04-02,2023W13
10.0,2647377_1,2023-04-01 16:00:00,Bristol City,Reading,H/D,1.25,0.8045454545454545,0.8,1.005681818181818,2023-04-01,2023W13
10.0,2647378_1,2023-04-01 16:00:00,Cardiff City,Swansea,"H/D&M4,5",1.4175000000000002,0.7090909090909091,0.7054673721340387,1.005136363636364,2023-04-01,2023W13
10.0,2647387_1,2023-04-02 17:30:00,Newcastle,Manchester United,H/D,1.34,0.75,0.7462686567164178,1.0050000000000001,2023-04-02,2023W13
10.0,2713444_1,2023-04-01 15:30:00,RB Leipzig,Mainz,"H/A&M3,5",1.827,0.55,0.5473453749315819,1.00485,2023-04-01,2023W13
10.0,2703028_1,2023-04-02 12:30:00,Bologna,Udinese,"D/A&M3,5",1.9215000000000002,0.5227272727272727,0.5204267499349466,1.0044204545454545,2023-04-02,2023W13
10.0,2713423_1,2023-04-02 15:00:00,Clermont,Ajaccio,"H/A&M4,5",1.4070000000000003,0.7136363636363636,0.710732054015636,1.0040863636363637,2023-04-02,2023W13
10.0,2703027_1,2023-04-02 15:00:00,Monza,Lazio,D/A&LDEMP,2.5095,0.39999999999999997,0.3984857541342897,1.0037999999999998,2023-04-02,2023W13
10.0,2647388_1,2023-04-02 15:00:00,West Ham,Southampton,"M3,5",1.24,0.8090909090909091,0.8064516129032259,1.003272727272727,2023-04-02,2023W13
10.0,2713433_1,2023-04-02 20:45:00,Paris SG,Lyon,"H/A&P1,5",1.3965,0.7181818181818183,0.7160759040458288,1.0029409090909094,2023-04-02,2023W13
10.0,2669878_1,2023-04-02 17:30:00,Werder Breme,Hoffenheim,"H/D&M3,5",2.0055,0.5,0.4986287708800798,1.00275,2023-04-02,2023W13
10.0,2713300_1,2023-04-01 21:00:00,Rennes,Lens,"H/A&M4,5",1.4805,0.6772727272727272,0.6754474839581223,1.0027022727272727,2023-04-01,2023W13
10.0,2691608_1,2023-04-01 14:00:00,Gerone,Espanyol,"D/A&M2,5",2.625,0.38181818181818183,0.38095238095238093,1.0022727272727274,2023-04-01,2023W13
10.0,2647391_1,2023-04-01 16:00:00,Hull City,Rotherham United,"M4,5",1.05,0.9545454545454546,0.9523809523809523,1.0022727272727274,2023-04-01,2023W13
10.0,2703028_1,2023-04-02 12:30:00,Bologna,Udinese,"M4,5",1.05,0.9545454545454546,0.9523809523809523,1.0022727272727274,2023-04-02,2023W13
10.0,2713300_1,2023-04-01 21:00:00,Rennes,Lens,"H/A&M3,5",1.722,0.5818181818181818,0.5807200929152149,1.001890909090909,2023-04-01,2023W13
10.0,2647373_1,2023-04-01 16:00:00,Brighton,Brentford,H/D&LDEMP,2.2260000000000004,0.45,0.44923629829290196,1.0017000000000003,2023-04-01,2023W13
10.0,2647373_1,2023-04-01 16:00:00,Brighton,Brentford,"M2,5",1.82,0.55,0.5494505494505494,1.0010000000000001,2023-04-01,2023W13
10.0,2703050_1,2023-04-02 20:45:00,Naples,Milan AC,"P1,5",1.23,0.8136363636363637,0.8130081300813008,1.0007727272727274,2023-04-02,2023W13
10.0,2691595_1,2023-03-31 21:00:00,Majorque,Osasuna,"P0,5",1.1,0.9090909090909092,0.9090909090909091,1.0000000000000002,2023-03-31,2023W13
10.0,2713233_1,2023-04-02 05:10:00,Atlas,Guadalajara,"M1,5",2.8,0.35714285714285715,0.35714285714285715,1.0,2023-04-02,2023W13
10.0,2713299_1,2023-04-01 17:00:00,Auxerre,Troyes,"M0,5",10.0,0.1,0.1,1.0,2023-04-01,2023W13
10.0,2647371_1,2023-04-01 16:00:00,Bournemouth,Fulham,H/A,1.25,0.8,0.8,1.0,2023-04-01,2023W13
10.0,2703030_1,2023-04-02 15:00:00,Spezia,Salernitana,"P1,5",1.25,0.8,0.8,1.0,2023-04-02,2023W13
