IdGame,DateTime,Home,Away,Competition,A,D,H,H/D,D/A,H/A,"H/D&M1,5","H/D&M2,5","H/D&M3,5","H/D&M4,5","H/D&P1,5","H/D&P2,5","H/D&P3,5","H/D&P4,5","D/A&M1,5","D/A&M2,5","D/A&M3,5","D/A&M4,5","D/A&P1,5","D/A&P2,5","D/A&P3,5","D/A&P4,5","H/A&M1,5","H/A&M2,5","H/A&M3,5","H/A&M4,5","H/A&P1,5","H/A&P2,5","H/A&P3,5","H/A&P4,5",LDEM,LDEMP,H/D&LDEM,H/D&LDEMP,D/A&LDEM,D/A&LDEMP,H/A&LDEM,H/A&LDEMP,"M0,5","M1,5","M2,5","M3,5","M4,5","M5,5","P0,5","P1,5","P2,5","P3,5","P4,5","P5,5",Date
2627796_1,2023-02-25 18:30:00,Real Madrid,Atletico Madrid,"Espagne, LaLiga",4.5,3.75,1.78,1.18,1.93,1.23,4.15,2.11,1.58,1.3,1.45,2.15,3.28,6.4,5.6,2.88,2.35,1.91,2.47,4.5,6.85,17.0,4.3,2.68,1.66,1.4,1.53,1.93,3.45,5.55,1.72,1.83,2.03,2.24,2.9,4.45,2.46,2.06,10.8,3.15,1.79,1.29,1.09,1.02,1.03,1.23,1.75,2.8,5.5,12.8,23/02/2023
2631337_1,2023-02-25 17:00:00,Austria Vienne,TSV Hartberg,"Autriche, Bundesliga",5.15,3.98,1.48,1.12,2.3,1.17,4.25,2.16,1.58,1.28,1.3,1.78,2.6,4.5,6.35,3.28,2.72,2.15,2.62,4.8,7.05,17.0,4.4,2.72,1.66,1.37,1.37,1.68,2.75,4.15,1.71,1.87,1.87,2.05,3.1,5.35,2.2,1.95,13.0,3.48,1.95,1.37,1.13,1.03,1.02,1.17,1.59,2.43,4.1,8.85,23/02/2023
2631339_1,2023-02-25 17:00:00,Sturm Graz,Austria Klagenfurt,"Autriche, Bundesliga",5.15,4.05,1.47,1.12,2.33,1.16,4.35,2.19,1.59,1.28,1.29,1.76,2.55,4.4,6.55,3.35,2.75,2.19,2.62,4.75,7.0,16.8,4.45,2.75,1.66,1.37,1.35,1.66,2.68,4.05,1.7,1.88,1.86,2.06,3.12,5.5,2.16,1.95,13.5,3.52,1.98,1.38,1.13,1.04,1.02,1.17,1.57,2.4,4.0,8.55,23/02/2023
2632091_1,2023-02-26 14:30:00,SCR Altach,WSG Swarovski Tirol,"Autriche, Bundesliga",2.13,3.32,2.7,1.5,1.33,1.24,5.2,2.58,2.0,1.59,1.78,2.78,4.05,8.25,4.85,2.39,1.82,1.46,1.58,2.35,3.42,6.6,4.45,2.85,1.7,1.43,1.47,1.81,3.1,4.65,1.51,2.0,2.17,3.52,1.99,2.98,2.13,2.25,12.5,3.22,1.86,1.33,1.11,1.03,1.02,1.18,1.61,2.44,4.35,9.5,23/02/2023
2632093_1,2023-02-26 14:30:00,Wolfsberger,Rapid Vienna,"Autriche, Bundesliga",2.03,3.5,2.78,1.55,1.31,1.22,5.85,2.82,2.16,1.69,1.78,2.68,3.85,7.55,5.3,2.55,1.9,1.49,1.51,2.16,3.08,5.65,4.75,3.02,1.76,1.46,1.41,1.7,2.8,4.1,1.46,2.1,2.15,3.9,1.91,3.08,2.0,2.33,14.8,3.58,2.0,1.4,1.14,1.04,1.01,1.15,1.52,2.25,3.78,7.9,23/02/2023
2632192_1,2023-02-26 17:00:00,FC Salzburg,SV Ried,"Autriche, Bundesliga",11.8,6.2,1.12,1.03,4.4,1.05,4.9,2.55,1.71,1.31,1.1,1.32,1.76,2.62,11.0,6.15,5.55,4.35,4.45,9.9,15.0,40.0,5.3,3.08,1.82,1.4,1.13,1.32,1.82,2.6,1.86,1.61,1.88,1.61,5.95,12.2,2.1,1.61,24.0,5.25,2.52,1.66,1.27,1.1,1.01,1.07,1.31,1.8,2.68,4.7,23/02/2023
2632566_1,2023-02-24 19:00:00,FC Nordsjaelland,Odense Boldklub,"Danemark, SuperLiga",4.1,3.7,1.65,1.2,1.99,1.2,4.1,2.12,1.58,1.3,1.41,2.03,3.05,5.6,5.45,2.85,2.31,1.87,2.34,4.1,6.15,14.2,4.05,2.58,1.61,1.35,1.45,1.8,3.12,4.8,1.66,1.82,1.96,2.21,2.78,4.3,2.26,1.99,11.8,3.12,1.81,1.3,1.1,1.02,1.02,1.2,1.67,2.62,4.75,10.8,23/02/2023
2634359_1,2023-02-25 20:45:00,Crystal Palace,Liverpool,"Angleterre, Premier League",1.72,3.85,4.55,1.98,1.17,1.21,6.0,3.05,2.47,1.99,2.47,4.4,6.6,16.0,4.4,2.2,1.62,1.32,1.42,2.04,3.08,5.8,4.5,2.78,1.69,1.41,1.48,1.85,3.22,5.05,1.68,1.88,2.92,4.75,1.98,2.29,2.35,2.09,12.0,3.38,1.87,1.33,1.11,1.03,1.02,1.21,1.68,2.65,5.0,11.2,23/02/2023
2634361_1,2023-03-04 16:00:00,Brighton,West Ham,"Angleterre, Premier League",4.0,3.35,1.75,1.17,1.81,1.21,4.0,2.06,1.56,1.3,1.49,2.26,3.5,7.0,5.25,2.72,2.23,1.83,2.43,4.5,6.85,17.2,4.15,2.62,1.64,1.39,1.57,2.0,3.68,5.95,1.7,1.75,2.07,2.24,2.85,4.15,,,9.75,2.88,1.69,1.25,1.07,1.01,1.03,1.23,1.76,2.78,5.95,14.2,23/02/2023
2634362_1,2023-02-25 18:30:00,Bournemouth,Manchester City,"Angleterre, Premier League",1.27,5.95,9.8,3.42,1.06,1.1,9.6,5.0,4.25,3.38,3.92,7.9,11.8,30.0,4.95,2.44,1.66,1.3,1.18,1.51,2.14,3.45,5.3,3.02,1.77,1.4,1.24,1.49,2.24,3.38,1.82,1.72,4.75,9.1,1.93,1.8,2.23,1.79,19.2,4.6,2.29,1.53,1.2,1.07,1.01,1.12,1.44,2.1,3.4,6.8,23/02/2023
2634363_1,2023-03-04 16:00:00,Wolverhampton,Tottenham,"Angleterre, Premier League",2.16,3.15,2.95,1.51,1.28,1.25,4.75,2.42,1.94,1.59,1.99,3.4,5.2,12.0,4.3,2.18,1.7,1.4,1.67,2.65,4.05,8.65,4.2,2.68,1.67,1.43,1.63,2.07,3.9,6.25,1.63,1.83,2.42,3.4,2.15,2.7,2.5,2.19,9.6,2.85,1.67,1.24,1.07,1.01,1.03,1.24,1.78,2.8,6.1,14.5,23/02/2023
2634364_1,2023-02-25 16:00:00,Everton,Aston Villa,"Angleterre, Premier League",3.05,3.28,2.39,1.35,1.49,1.31,3.72,2.02,1.62,1.38,1.83,3.12,5.05,11.8,3.95,2.14,1.74,1.48,2.03,3.65,5.85,14.5,3.7,2.44,1.59,1.39,1.76,2.31,4.7,7.9,1.82,1.75,2.35,2.55,2.52,2.88,2.82,2.07,8.25,2.65,1.57,1.2,1.05,1.01,1.06,1.34,2.08,3.52,8.0,21.0,23/02/2023
2634365_1,2023-02-26 14:30:00,Tottenham,Chelsea,"Angleterre, Premier League",2.82,3.3,2.42,1.37,1.46,1.28,4.3,2.21,1.74,1.44,1.76,2.88,4.45,9.75,4.5,2.31,1.84,1.52,1.9,3.18,4.9,11.2,4.1,2.65,1.66,1.42,1.65,2.11,4.05,6.5,1.68,1.87,2.23,2.85,2.34,3.12,2.55,2.18,9.6,2.95,1.69,1.25,1.07,1.02,1.04,1.27,1.86,3.02,6.35,15.2,23/02/2023
2634370_1,2023-02-25 16:00:00,Leeds United,Southampton,"Angleterre, Premier League",3.9,3.62,1.93,1.24,1.74,1.26,3.98,2.07,1.59,1.33,1.58,2.45,3.85,7.9,4.85,2.55,2.07,1.71,2.27,4.1,6.3,15.5,4.05,2.58,1.63,1.39,1.61,2.07,3.9,6.35,1.75,1.82,2.14,2.37,2.7,3.72,2.58,2.08,10.0,2.98,1.7,1.26,1.08,1.02,1.04,1.28,1.88,3.08,6.35,15.5,23/02/2023
2634371_1,2023-02-24 21:00:00,Fulham,Wolverhampton,"Angleterre, Premier League",3.25,3.32,2.27,1.32,1.54,1.3,3.95,2.07,1.64,1.38,1.72,2.82,4.45,9.85,4.35,2.28,1.85,1.54,2.03,3.58,5.6,13.5,3.95,2.55,1.63,1.41,1.7,2.19,4.3,7.05,1.75,1.82,2.23,2.58,2.48,3.18,2.68,2.13,9.05,2.85,1.64,1.23,1.06,1.01,1.05,1.3,1.96,3.25,7.0,17.5,23/02/2023
2634372_1,2023-03-04 16:00:00,Arsenal,Bournemouth,"Angleterre, Premier League",9.9,5.35,1.2,1.04,3.58,1.07,4.55,2.3,1.58,1.26,1.18,1.52,2.19,3.58,9.35,5.1,4.45,3.58,4.55,10.0,15.2,45.0,5.0,2.82,1.71,1.35,1.24,1.51,2.29,3.52,1.92,1.56,2.07,1.65,5.45,9.15,2.41,1.66,17.5,4.1,2.13,1.45,1.17,1.05,1.01,1.12,1.45,2.12,3.65,7.45,23/02/2023
2634373_1,2023-02-25 16:00:00,Leicester,Arsenal,"Angleterre, Premier League",1.7,3.95,4.55,2.05,1.18,1.21,7.0,3.32,2.68,2.1,2.37,4.0,5.8,13.2,5.05,2.41,1.74,1.37,1.36,1.88,2.72,4.85,5.1,3.1,1.79,1.47,1.42,1.72,2.82,4.3,1.59,2.04,2.78,5.4,1.86,2.46,2.16,2.22,15.0,3.92,2.07,1.43,1.16,1.05,1.02,1.17,1.57,2.37,4.1,8.6,23/02/2023
2634375_1,2023-03-04 16:00:00,Chelsea,Leeds United,"Angleterre, Premier League",4.7,3.65,1.58,1.13,2.04,1.18,4.25,2.14,1.58,1.29,1.39,1.99,3.0,5.65,6.1,3.12,2.58,2.07,2.65,4.9,7.35,18.5,4.45,2.75,1.68,1.4,1.47,1.84,3.2,5.05,1.68,1.77,1.99,2.15,3.1,5.0,2.4,2.03,11.5,3.18,1.8,1.3,1.1,1.02,1.02,1.19,1.65,2.55,5.05,11.5,23/02/2023
2634376_1,2023-02-25 16:00:00,West Ham,Nottingham Forest,"Angleterre, Premier League",4.9,3.75,1.73,1.17,1.97,1.24,3.62,1.93,1.48,1.26,1.51,2.33,3.72,7.6,4.9,2.68,2.22,1.85,2.65,5.25,8.2,22.5,3.88,2.45,1.58,1.36,1.61,2.09,3.95,6.6,1.87,1.71,2.17,2.05,3.12,4.05,2.72,1.94,9.35,2.88,1.66,1.23,1.07,1.01,1.04,1.3,1.94,3.22,6.8,17.0,23/02/2023
2634377_1,2023-03-04 18:30:00,Southampton,Leicester,"Angleterre, Premier League",2.47,3.12,2.52,1.39,1.38,1.25,4.55,2.31,1.82,1.5,1.82,2.98,4.55,10.0,4.5,2.3,1.81,1.49,1.8,2.92,4.5,9.85,4.2,2.7,1.67,1.43,1.63,2.07,3.9,6.2,1.61,1.85,2.27,3.05,2.25,3.02,2.48,2.21,9.7,2.85,1.68,1.25,1.07,1.01,1.03,1.23,1.78,2.8,6.05,14.2,23/02/2023
2634378_1,2023-03-04 16:00:00,Aston Villa,Crystal Palace,"Angleterre, Premier League",3.4,3.05,2.0,1.22,1.6,1.25,3.6,1.94,1.53,1.31,1.66,2.72,4.4,9.7,4.25,2.31,1.91,1.61,2.27,4.25,6.75,17.5,3.75,2.45,1.59,1.38,1.72,2.25,4.5,7.6,1.77,1.68,2.24,2.29,2.72,3.3,2.8,2.03,7.9,2.55,1.54,1.18,1.04,1.01,1.04,1.3,1.96,3.18,7.7,19.8,23/02/2023
2634387_1,2023-03-04 13:30:00,Manchester City,Newcastle,"Angleterre, Premier League",5.85,4.3,1.4,1.09,2.47,1.13,4.8,2.34,1.65,1.31,1.27,1.7,2.47,4.25,7.8,3.9,3.22,2.55,3.02,5.6,8.25,20.5,5.0,2.95,1.74,1.41,1.34,1.63,2.6,4.0,1.66,1.79,1.9,2.05,3.58,6.65,2.22,1.97,15.5,3.82,2.03,1.41,1.14,1.04,1.01,1.14,1.5,2.22,3.98,8.3,23/02/2023
2634389_1,2023-03-06 21:00:00,Brentford,Fulham,"Angleterre, Premier League",3.22,3.28,1.98,1.24,1.62,1.23,4.35,2.19,1.68,1.38,1.59,2.44,3.72,7.6,5.1,2.58,2.07,1.69,2.11,3.62,5.5,12.8,4.25,2.7,1.67,1.42,1.58,2.0,3.68,5.85,1.62,1.84,2.1,2.58,2.55,3.72,2.44,2.16,10.2,2.92,1.71,1.26,1.08,1.02,1.03,1.22,1.74,2.72,5.7,13.5,23/02/2023
2634391_1,2023-03-05 15:00:00,Nottingham Forest,Everton,"Angleterre, Premier League",2.8,2.95,2.36,1.31,1.43,1.27,3.42,1.92,1.56,1.35,1.91,3.42,5.7,14.0,3.6,2.03,1.67,1.44,2.11,3.95,6.55,17.0,3.45,2.3,1.55,1.37,1.85,2.48,5.3,9.25,1.85,1.61,2.48,2.41,2.62,2.7,3.05,1.99,6.9,2.34,1.45,1.14,1.03,1.01,1.06,1.37,2.14,3.55,9.6,26.5,23/02/2023
2634403_1,2023-03-05 17:30:00,Liverpool,Manchester United,"Angleterre, Premier League",2.78,3.28,2.2,1.32,1.5,1.23,5.55,2.58,1.94,1.53,1.58,2.33,3.35,6.5,5.95,2.78,2.15,1.68,1.8,2.78,3.98,8.2,5.1,3.18,1.83,1.52,1.49,1.82,3.1,4.65,1.46,2.1,1.98,3.25,2.17,3.92,2.15,2.45,13.2,3.65,1.94,1.38,1.13,1.03,1.02,1.15,1.55,2.31,4.3,9.05,23/02/2023
2634413_1,2023-02-26 17:05:00,Monaco,Nice,"France, Ligue 1 UberEATS®",3.78,3.7,1.94,1.25,1.79,1.23,4.45,2.23,1.68,1.37,1.52,2.27,3.42,6.75,5.5,2.75,2.21,1.79,2.19,3.75,5.65,13.2,4.4,2.78,1.69,1.42,1.54,1.92,3.45,5.45,1.67,1.95,2.03,2.52,2.62,4.1,2.36,2.17,11.5,3.28,1.83,1.32,1.1,1.02,1.03,1.23,1.74,2.78,5.3,12.2,23/02/2023
2634415_1,2023-02-25 21:00:00,Montpellier,Lens,"France, Ligue 1 UberEATS®",1.79,3.68,4.35,1.93,1.2,1.23,5.1,2.7,2.22,1.84,2.5,4.65,7.25,18.5,3.88,2.02,1.54,1.29,1.51,2.3,3.6,7.25,4.0,2.55,1.61,1.38,1.58,2.03,3.78,6.2,1.81,1.79,2.95,4.05,2.12,2.19,2.58,2.01,9.85,3.0,1.71,1.26,1.08,1.02,1.04,1.27,1.86,3.08,6.25,15.2,23/02/2023
2634416_1,2023-02-26 13:00:00,Lorient,Auxerre,"France, Ligue 1 UberEATS®",3.38,3.42,2.11,1.3,1.65,1.26,4.45,2.22,1.7,1.39,1.59,2.45,3.72,7.6,5.1,2.55,2.05,1.66,2.04,3.45,5.2,12.0,4.35,2.78,1.7,1.44,1.59,2.0,3.65,5.8,1.66,1.97,2.07,2.68,2.45,3.7,2.43,2.22,10.5,3.2,1.78,1.3,1.09,1.02,1.03,1.24,1.79,2.85,5.6,13.0,23/02/2023
2634417_1,2023-02-26 15:00:00,Reims,Toulouse,"France, Ligue 1 UberEATS®",3.32,3.6,2.07,1.31,1.68,1.24,5.15,2.45,1.83,1.46,1.53,2.24,3.25,6.3,5.95,2.82,2.22,1.75,1.96,3.12,4.55,9.8,4.9,3.05,1.78,1.48,1.5,1.84,3.18,4.8,1.56,2.13,1.97,2.92,2.34,4.15,2.2,2.35,13.0,3.65,1.97,1.38,1.13,1.04,1.02,1.19,1.63,2.52,4.5,9.75,23/02/2023
2634418_1,2023-02-24 21:00:00,Lille,Brest,"France, Ligue 1 UberEATS®",8.55,5.3,1.35,1.07,3.08,1.13,4.35,2.2,1.55,1.25,1.25,1.67,2.47,4.25,7.85,4.15,3.52,2.85,3.7,7.55,11.5,30.0,4.7,2.75,1.67,1.36,1.32,1.64,2.62,4.1,1.91,1.7,2.02,1.8,4.35,7.1,2.4,1.78,15.2,3.8,2.05,1.41,1.15,1.04,1.02,1.17,1.58,2.43,4.2,9.05,23/02/2023
2634427_1,2023-02-26 15:00:00,AC Ajaccio,Troyes,"France, Ligue 1 UberEATS®",3.42,3.15,2.22,1.29,1.59,1.29,3.42,1.89,1.52,1.31,1.76,3.02,4.95,11.5,3.88,2.15,1.78,1.52,2.22,4.25,6.85,18.2,3.58,2.37,1.58,1.38,1.81,2.4,5.0,8.6,1.91,1.71,2.34,2.3,2.68,3.0,2.98,2.02,7.4,2.55,1.52,1.18,1.04,1.01,1.06,1.37,2.16,3.72,8.85,23.5,23/02/2023
2634428_1,2023-02-25 17:00:00,Angers,Lyon,"France, Ligue 1 UberEATS®",1.7,3.92,4.85,2.1,,1.21,5.8,3.0,2.47,2.0,2.6,4.8,7.3,18.5,4.15,2.12,1.57,1.29,1.42,2.07,3.18,6.05,4.3,2.68,1.65,1.39,1.5,1.89,3.35,5.35,1.77,1.84,3.05,4.7,2.03,2.17,2.44,2.02,11.8,3.25,1.83,1.31,1.1,1.02,1.03,1.23,1.75,2.8,5.35,12.2,23/02/2023
2634430_1,2023-02-26 20:45:00,Marseille,Paris SG,"France, Ligue 1 UberEATS®",2.39,3.72,2.75,1.54,1.42,1.23,6.7,3.02,2.26,1.73,1.71,2.49,3.5,6.75,6.4,2.88,2.13,1.63,1.58,2.25,3.15,5.9,5.6,3.45,1.91,1.56,1.43,1.7,2.78,4.05,1.45,2.38,2.07,4.1,1.95,3.68,1.99,2.58,16.8,4.35,2.21,1.5,1.19,1.06,1.01,1.14,1.5,2.21,3.65,7.35,23/02/2023
2634435_1,2023-02-26 15:00:00,Clermont,Strasbourg,"France, Ligue 1 UberEATS®",2.92,3.2,2.47,1.38,1.48,1.29,3.8,2.04,1.64,1.39,1.84,3.15,5.05,11.8,3.95,2.13,1.73,1.47,1.99,3.52,5.65,13.8,3.75,2.46,1.6,1.4,1.76,2.3,4.7,7.85,1.82,1.78,2.35,2.6,2.47,2.85,2.8,2.08,8.05,2.7,1.57,1.2,1.05,1.01,1.06,1.34,2.06,3.48,7.9,20.5,23/02/2023
2634436_1,2023-02-26 15:00:00,Nantes,Rennes,"France, Ligue 1 UberEATS®",2.16,3.35,3.35,1.62,1.3,1.27,4.45,2.34,1.91,1.59,2.12,3.8,5.95,14.5,3.9,2.05,1.61,1.35,1.68,2.72,4.3,9.35,3.92,2.55,1.62,1.4,1.68,2.17,4.25,7.0,1.78,1.83,2.58,3.3,2.21,2.48,2.65,2.1,8.9,2.85,1.64,1.23,1.07,1.01,1.05,1.3,1.95,3.25,7.0,17.2,23/02/2023
2634438_1,2023-03-04 15:30:00,Bochum,Schalke 04,"Allemagne, Bundesliga",3.12,3.45,2.17,1.32,1.59,1.25,4.65,2.31,1.76,1.43,1.62,2.48,3.72,7.6,5.2,2.58,2.04,1.65,1.96,3.22,4.85,10.8,4.45,2.82,1.71,1.44,1.57,1.96,3.55,5.55,1.6,1.95,2.08,2.82,2.38,3.65,2.35,2.25,10.8,3.15,1.79,1.3,1.09,1.02,1.03,1.22,1.72,2.7,5.35,12.2,23/02/2023
2634439_1,2023-02-26 15:30:00,Fribourg,Bayer Leverkusen,"Allemagne, Bundesliga",3.18,3.55,2.17,1.32,1.6,1.27,4.75,2.34,1.78,1.44,1.61,2.44,3.65,7.35,5.3,2.62,2.06,1.66,1.94,3.18,4.75,10.5,4.55,2.88,1.72,1.45,1.55,1.93,3.45,5.4,1.6,2.01,2.06,2.85,2.35,3.72,2.32,2.27,11.5,3.48,1.85,1.33,1.11,1.03,1.03,1.22,1.72,2.72,5.15,12.0,23/02/2023
2634448_1,2023-03-05 17:30:00,Wolfsbourg,Eintracht Frankfurt,"Allemagne, Bundesliga",2.75,3.42,2.42,1.4,1.48,1.25,5.1,2.46,1.89,1.52,1.69,2.6,3.85,7.9,5.25,2.55,1.98,1.58,1.79,2.82,4.15,8.75,4.65,2.95,1.75,1.47,1.55,1.92,3.42,5.25,1.55,2.03,2.11,3.2,2.19,3.45,2.28,2.34,11.5,3.28,1.85,1.33,1.11,1.03,1.02,1.2,1.67,2.58,4.95,11.0,23/02/2023
2640108_1,2023-03-04 17:00:00,SV Ried,Austria Vienne,"Autriche, Bundesliga",1.7,3.25,3.52,1.74,1.19,1.2,5.3,2.72,2.19,1.76,2.15,3.7,5.5,12.5,4.2,2.14,1.61,1.32,1.44,2.1,3.1,5.85,4.2,2.68,1.65,1.39,1.48,1.84,3.18,4.9,1.56,1.79,2.55,4.1,1.93,2.36,2.26,2.09,11.2,3.02,1.76,1.28,1.09,1.02,1.02,1.18,1.64,2.49,4.75,10.8,23/02/2023
2640110_1,2023-03-04 17:00:00,TSV Hartberg,Wolfsberger,"Autriche, Bundesliga",2.06,3.2,2.62,1.48,1.32,1.21,5.7,2.72,2.1,1.64,1.72,2.62,3.7,7.35,5.3,2.52,1.91,1.5,1.53,2.22,3.15,5.9,4.85,3.05,1.78,1.47,1.43,1.73,2.88,4.2,1.42,2.02,2.09,3.78,1.91,3.15,2.03,2.36,14.0,3.55,1.93,1.37,1.13,1.03,1.01,1.14,1.51,2.21,3.85,8.0,23/02/2023
2640510_1,2023-03-04 13:30:00,Blackburn,Sheffield United,"Angleterre, Championship",1.92,3.02,3.05,1.58,1.25,1.23,4.1,2.24,1.83,1.54,2.13,3.85,6.0,14.5,3.52,1.93,1.53,1.3,1.64,2.65,4.15,8.8,3.55,2.34,1.54,1.33,1.64,2.13,4.1,6.65,1.72,1.67,2.58,3.12,2.18,2.28,2.62,1.96,8.4,2.52,1.54,1.18,1.04,1.01,1.04,1.28,1.89,3.02,6.85,17.5,23/02/2023
2640511_1,2023-03-03 21:00:00,Hull City,West Bromwich,"Angleterre, Championship",2.12,2.98,2.68,1.47,1.31,1.24,4.0,2.17,1.75,1.47,1.94,3.35,5.2,12.0,3.75,2.03,1.61,1.36,1.72,2.82,4.4,9.5,3.62,2.4,1.56,1.35,1.64,2.11,4.1,6.55,1.68,1.71,2.39,2.9,2.21,2.52,2.55,2.02,8.6,2.55,1.56,1.19,1.05,1.01,1.03,1.27,1.86,2.95,6.55,16.5,23/02/2023
2642576_1,2023-03-05 17:00:00,Rapid Vienna,FC Salzburg,"Autriche, Bundesliga",1.74,3.3,3.32,1.71,1.21,1.2,5.7,2.82,2.25,1.78,2.04,3.35,4.85,10.5,4.6,2.28,1.7,1.37,1.43,2.04,2.95,5.45,4.5,2.85,1.7,1.42,1.44,1.76,2.98,4.45,1.49,1.89,2.43,4.25,1.88,2.55,2.13,2.18,12.8,3.3,1.85,1.33,1.11,1.03,1.02,1.16,1.56,2.34,4.2,9.1,23/02/2023
2647054_1,2023-03-05 16:00:00,Lyngby,Brondby,"Danemark, SuperLiga",2.03,3.08,2.75,1.53,1.31,1.23,4.9,2.46,1.95,1.57,1.84,2.98,4.4,9.45,4.45,2.24,1.73,1.41,1.58,2.39,3.52,7.0,4.25,2.75,1.67,1.41,1.52,1.89,3.35,5.05,1.53,1.89,2.24,3.45,2.0,2.75,2.25,2.19,11.0,3.0,1.74,1.28,1.08,1.02,1.02,1.19,1.65,2.52,4.85,10.8,23/02/2023
2647369_1,2023-02-28 20:45:00,Preston N. End,Coventry City,"Angleterre, Championship",2.58,3.0,2.19,1.34,1.44,1.24,3.68,2.02,1.61,1.37,1.78,2.98,4.7,10.5,3.82,2.11,1.7,1.44,1.92,3.32,5.25,12.0,3.52,2.34,1.54,1.34,1.67,2.15,4.25,6.85,1.71,1.68,2.28,2.52,2.4,2.78,2.6,1.99,8.35,2.49,1.53,1.17,1.04,1.01,1.04,1.28,1.9,3.05,7.0,18.0,23/02/2023
2648399_1,2023-02-25 16:15:00,Cádiz,Rayo Vallecano,"Espagne, LaLiga",2.58,3.08,2.98,1.44,1.36,1.33,3.38,1.93,1.61,1.4,2.11,4.05,6.8,18.2,3.25,1.87,1.54,1.35,1.99,3.7,6.25,16.0,3.32,2.25,1.54,1.37,1.92,2.6,5.8,10.2,1.99,1.62,2.65,2.52,2.58,2.37,3.22,1.97,6.7,2.35,1.44,1.14,1.03,,1.08,1.44,2.36,4.15,10.8,,23/02/2023
2648400_1,2023-02-26 16:15:00,Celta Vigo,Valladolid,"Espagne, LaLiga",5.15,3.8,1.66,1.15,2.03,1.22,3.45,1.87,1.44,1.23,1.5,2.32,3.78,7.75,4.9,2.72,2.27,1.91,2.88,5.85,9.35,26.5,3.72,2.36,1.55,1.33,1.61,2.11,4.05,6.85,1.93,1.63,2.23,1.94,3.35,4.05,2.82,1.86,8.8,2.75,1.61,1.21,1.06,1.01,1.04,1.31,1.96,3.28,7.2,18.5,23/02/2023
2648401_1,2023-02-26 18:30:00,Almeria,Barcelona,"Espagne, LaLiga",1.41,4.95,6.7,2.62,1.1,1.15,8.25,4.1,3.38,2.65,3.05,5.55,8.1,19.8,5.0,2.42,1.68,1.32,1.25,1.66,2.37,4.0,5.2,3.05,1.77,1.43,1.32,1.59,2.5,3.78,1.68,1.87,3.6,7.05,1.87,2.08,2.16,1.99,16.8,4.25,2.17,1.47,1.18,1.05,1.01,1.14,1.5,2.22,3.72,7.65,23/02/2023
2648402_1,2023-02-25 14:00:00,Espanyol Barcelone,Majorque,"Espagne, LaLiga",3.48,3.0,2.32,1.28,1.53,1.34,2.78,1.68,1.41,1.26,2.0,3.82,6.9,18.5,3.1,1.88,1.61,1.43,2.48,5.3,9.35,28.5,3.02,2.08,1.49,1.34,2.07,2.92,6.9,13.2,2.21,1.5,2.72,2.02,3.05,2.5,3.7,1.86,5.7,2.11,1.34,1.1,1.02,1.01,1.1,1.55,2.65,4.8,14.5,45.0,23/02/2023
2648403_1,2023-02-26 21:00:00,Seville,Osasuna,"Espagne, LaLiga",4.3,3.42,1.86,1.19,1.79,1.26,3.22,1.8,1.43,1.24,1.64,2.72,4.6,10.2,4.15,2.35,1.97,1.69,2.65,5.4,8.85,25.5,3.48,2.27,1.53,1.34,1.75,2.35,4.85,8.45,1.98,1.6,2.35,2.0,3.12,3.38,3.05,1.89,7.5,2.49,1.51,1.16,1.04,1.01,1.06,1.37,2.15,3.68,9.0,24.5,23/02/2023
2648404_1,2023-02-27 21:00:00,Villarreal,Getafe,"Espagne, LaLiga",5.35,3.62,1.65,1.13,2.04,1.21,3.2,1.78,1.39,1.2,1.52,2.4,3.98,8.35,4.65,2.65,2.25,1.91,3.08,6.65,10.8,30.0,3.55,2.27,1.52,1.32,1.65,2.21,4.3,7.5,2.02,1.55,2.32,1.82,3.55,3.95,3.02,1.8,8.0,2.55,1.54,1.18,1.05,1.01,1.05,1.33,2.04,3.42,8.1,21.5,23/02/2023
2648405_1,2023-02-25 21:00:00,Valence,Real Sociedad,"Espagne, LaLiga",2.34,3.25,3.08,1.5,1.32,1.29,3.85,2.12,1.74,1.49,2.11,3.88,6.3,16.0,3.58,1.97,1.58,1.36,1.84,3.18,5.25,12.2,3.55,2.36,1.56,1.37,1.79,2.36,4.95,8.45,1.86,1.69,2.62,2.85,2.4,2.44,2.9,2.01,7.7,2.55,1.52,1.17,1.04,1.01,1.06,1.36,2.11,3.6,8.65,23.0,23/02/2023
2648406_1,2023-02-26 18:30:00,Las Palmas,Ponferradina,"Espagne, LaLiga2",6.45,3.75,1.39,1.1,2.47,1.19,2.98,1.7,1.32,1.15,1.39,2.1,3.4,6.5,4.8,2.88,2.46,2.05,3.55,8.3,13.2,40.0,3.38,2.13,1.45,1.25,1.51,2.01,3.65,6.15,2.16,1.48,2.29,1.6,4.05,4.3,2.95,1.62,8.1,2.65,1.58,1.19,1.05,1.01,1.04,1.31,1.98,3.3,7.0,18.0,23/02/2023
2648407_1,2023-02-25 21:00:00,Sporting Gijon,Tenerife,"Espagne, LaLiga2",3.1,2.78,2.18,1.29,1.5,1.34,2.65,1.64,1.37,1.24,1.96,3.72,6.55,16.8,2.92,1.81,1.54,1.37,2.37,4.95,8.55,24.5,2.85,1.98,1.43,1.29,2.0,2.8,6.45,11.8,2.17,1.47,2.65,1.96,2.92,2.35,3.52,1.79,5.45,2.05,1.32,1.09,1.01,1.01,1.1,1.54,2.6,4.55,13.5,45.0,23/02/2023
2648408_1,2023-02-25 21:00:00,Mirandes,Leganes,"Espagne, LaLiga2",2.23,2.85,2.92,1.48,1.31,1.33,3.2,1.89,1.58,1.38,2.16,4.15,6.9,18.2,2.98,1.75,1.45,1.28,1.88,3.4,5.7,14.0,3.1,2.12,1.48,1.31,1.87,2.52,5.5,9.5,1.99,1.57,2.65,2.49,2.46,2.16,3.15,1.87,6.25,2.25,1.4,1.12,1.02,1.01,1.08,1.44,2.34,4.05,10.5,30.0,23/02/2023
2648409_1,2023-02-24 21:00:00,Eibar,Villarreal B,"Espagne, LaLiga2",5.05,3.28,1.62,1.14,2.02,1.25,2.82,1.65,1.32,1.16,1.52,2.45,4.1,8.5,4.0,2.39,2.04,1.74,3.0,6.75,10.8,35.0,3.22,2.1,1.45,1.27,1.67,2.26,4.45,7.7,2.11,1.5,2.32,1.71,3.45,3.48,3.1,1.72,6.9,2.4,1.47,1.15,1.03,1.01,1.06,1.38,2.17,3.7,8.65,24.0,23/02/2023
2648410_1,2023-02-26 14:00:00,Athletic Club,Gerone,"Espagne, LaLiga",5.15,3.82,1.66,1.15,2.04,1.22,3.6,1.92,1.47,1.24,1.47,2.25,3.6,7.25,5.1,2.78,2.32,1.94,2.82,5.65,8.85,24.5,3.85,2.43,1.57,1.34,1.58,2.05,3.85,6.45,1.88,1.67,2.18,1.98,3.28,4.25,2.72,1.9,9.3,2.85,1.66,1.23,1.07,1.01,1.04,1.28,1.9,3.15,6.7,16.8,23/02/2023
2648411_1,2023-02-24 21:00:00,Elche,Real Betis,"Espagne, LaLiga",1.96,3.48,3.95,1.74,1.23,1.27,4.55,2.45,2.02,1.69,2.35,4.4,6.9,18.0,3.7,1.97,1.53,1.3,1.6,2.55,4.1,8.7,3.82,2.47,1.6,1.38,1.67,2.17,4.2,7.05,1.82,1.75,2.8,3.55,2.2,2.25,2.72,2.02,9.0,2.8,1.63,1.22,1.06,1.01,1.05,1.31,1.98,3.3,7.15,18.0,23/02/2023
2648412_1,2023-02-26 16:15:00,Real Zaragoza,Burgos,"Espagne, LaLiga2",4.1,2.88,1.82,1.19,1.73,1.32,2.5,1.54,1.29,1.17,1.77,3.18,5.65,13.5,3.15,1.98,1.7,1.5,2.82,6.55,11.2,35.0,2.88,1.96,1.42,1.27,1.94,2.72,6.1,11.2,2.26,1.43,2.58,1.72,3.32,2.68,3.62,1.72,5.4,2.06,1.33,1.09,1.01,1.01,1.1,1.53,2.58,4.5,13.2,40.0,23/02/2023
2648413_1,2023-02-25 16:15:00,Alaves,FC Cartagena,"Espagne, LaLiga2",4.4,3.25,1.71,1.17,1.9,1.26,2.82,1.66,1.33,1.18,1.6,2.62,4.45,9.55,3.8,2.27,1.92,1.65,2.82,6.1,10.0,29.5,3.1,2.06,1.44,1.27,1.72,2.33,4.75,8.3,2.1,1.51,2.37,1.77,3.3,3.2,3.1,1.73,6.8,2.33,1.45,1.14,1.03,1.01,1.06,1.41,2.23,3.85,9.3,26.5,23/02/2023
2648414_1,2023-02-27 21:00:00,Grenade,Malaga,"Espagne, LaLiga2",5.15,3.48,1.52,1.12,2.13,1.21,2.88,1.67,1.32,1.16,1.49,2.35,3.92,7.9,4.25,2.55,2.16,1.83,3.18,7.1,11.5,35.0,3.2,2.07,1.43,1.25,1.61,2.17,4.2,7.25,2.09,1.47,2.34,1.68,3.65,3.68,3.02,1.67,7.45,2.39,1.48,1.15,1.03,1.01,1.05,1.35,2.06,3.45,8.2,22.5,23/02/2023
2648415_1,2023-02-26 16:15:00,Levante,Lugo,"Espagne, LaLiga2",8.75,4.2,1.27,1.06,3.0,1.15,2.88,1.67,1.28,1.12,1.33,1.96,3.18,5.85,5.3,3.3,2.88,2.37,4.55,12.2,19.5,70.0,3.35,2.06,1.41,1.21,1.44,1.92,3.38,5.7,2.41,1.38,2.45,1.44,5.05,4.9,3.12,1.49,8.2,2.68,1.6,1.2,1.05,1.01,1.04,1.3,1.94,3.25,6.7,17.2,23/02/2023
2648416_1,2023-02-25 16:15:00,Racing Santander,FC Andorre,"Espagne, LaLiga2",2.5,2.82,2.72,1.41,1.36,1.34,2.98,1.79,1.5,1.33,2.1,4.05,6.9,18.2,2.92,1.75,1.46,1.3,2.02,3.85,6.55,16.8,2.98,2.06,1.46,1.31,1.94,2.65,5.95,10.5,2.06,1.53,2.65,2.28,2.6,2.19,3.3,1.84,5.85,2.15,1.36,1.1,1.02,1.01,1.08,1.48,2.45,4.25,11.8,35.0,23/02/2023
2648417_1,2023-02-26 14:00:00,UD Ibiza,Huesca,"Espagne, LaLiga2",3.15,2.8,2.14,1.28,1.52,1.33,2.8,1.68,1.4,1.24,1.87,3.42,5.85,14.5,3.12,1.88,1.59,1.39,2.3,4.65,7.85,22.0,3.02,2.07,1.46,1.31,1.92,2.65,5.85,10.5,2.07,1.52,2.5,2.02,2.8,2.49,3.32,1.83,5.85,2.16,1.37,1.11,1.02,1.01,1.09,1.48,2.44,4.25,11.5,35.0,23/02/2023
2648418_1,2023-02-26 21:00:00,Real Oviedo,Albacete,"Espagne, LaLiga2",2.85,2.68,2.41,1.33,1.41,1.36,2.55,1.62,1.38,1.25,2.14,4.3,7.75,21.5,2.65,1.68,1.44,1.3,2.31,4.85,8.7,25.5,2.75,1.94,1.43,1.29,2.13,3.02,7.3,13.8,2.26,1.43,2.8,1.98,2.92,2.13,3.82,1.78,4.95,1.94,1.28,1.07,1.01,1.01,1.11,1.6,2.8,4.85,16.0,55.0,23/02/2023
2648719_1,2023-03-05 15:30:00,Bayer Leverkusen,Hertha BSC,"Allemagne, Bundesliga",5.55,4.2,1.53,1.12,2.31,1.17,4.7,2.29,1.64,1.31,1.32,1.82,2.68,4.75,7.05,3.5,2.88,2.28,2.75,4.95,7.3,18.0,4.85,2.92,1.73,1.42,1.4,1.72,2.82,4.35,1.66,1.86,1.91,2.17,3.22,5.8,2.26,2.05,13.8,3.6,1.98,1.39,1.14,1.04,1.02,1.17,1.57,2.38,4.3,9.2,23/02/2023
2648738_1,2023-03-04 16:00:00,Millwall,Norwich City,"Angleterre, Championship",2.58,2.92,2.23,1.34,1.42,1.25,3.72,2.02,1.62,1.37,1.77,2.95,4.6,10.2,3.85,2.1,1.7,1.43,1.89,3.25,5.05,11.5,3.6,2.39,1.56,1.35,1.67,2.15,4.2,6.75,1.69,1.7,2.25,2.58,2.34,2.78,2.6,2.02,8.3,2.52,1.54,1.18,1.04,1.01,1.04,1.28,1.89,3.0,6.8,17.2,23/02/2023
2648739_1,2023-03-04 16:00:00,Middlesbrough,Reading,"Angleterre, Championship",5.35,3.85,1.36,1.09,2.39,1.14,4.1,2.12,1.54,1.25,1.28,1.73,2.52,4.35,6.55,3.45,2.88,2.29,2.88,5.45,8.1,20.5,4.35,2.65,1.64,1.35,1.35,1.66,2.68,4.1,1.68,1.71,1.9,1.92,3.4,5.7,2.24,1.86,12.8,3.32,1.88,1.34,1.11,1.03,1.01,1.15,1.55,2.31,4.1,8.9,23/02/2023
2648740_1,2023-03-04 16:00:00,Watford,Preston N. End,"Angleterre, Championship",3.35,3.05,1.81,1.21,1.66,1.23,3.22,1.82,1.45,1.25,1.64,2.68,4.35,9.3,3.9,2.23,1.84,1.57,2.34,4.5,7.2,18.5,3.32,2.21,1.49,1.31,1.68,2.22,4.45,7.4,1.82,1.58,2.25,2.07,2.8,3.1,2.78,1.87,7.7,2.37,1.48,1.15,1.03,1.01,1.04,1.32,1.99,3.22,7.8,21.0,23/02/2023
2648741_1,2023-03-04 16:00:00,Sunderland,Stoke City,"Angleterre, Championship",3.42,3.08,1.77,1.2,1.69,1.22,3.5,1.91,1.49,1.27,1.56,2.45,3.85,7.9,4.3,2.36,1.94,1.62,2.27,4.2,6.55,16.2,3.6,2.36,1.54,1.33,1.61,2.08,3.95,6.4,1.73,1.66,2.13,2.15,2.7,3.4,2.6,1.94,8.6,2.55,1.56,1.19,1.05,1.01,1.03,1.27,1.86,2.95,6.55,16.5,23/02/2023
2648743_1,2023-03-04 16:00:00,Wigan Athletic,Birmingham C.,"Angleterre, Championship",2.32,2.85,2.5,1.39,1.36,1.26,3.55,1.99,1.62,1.38,1.9,3.35,5.35,12.5,3.52,1.96,1.59,1.36,1.86,3.22,5.15,12.0,3.42,2.29,1.53,1.34,1.73,2.26,4.6,7.5,1.75,1.64,2.39,2.58,2.35,2.5,2.75,1.97,7.55,2.39,1.48,1.15,1.03,1.01,1.04,1.31,1.99,3.2,7.75,20.5,23/02/2023
2648749_1,2023-03-04 16:00:00,Blackpool,Burnley,"Angleterre, Championship",1.64,3.25,3.82,1.84,1.16,1.2,4.8,2.6,2.14,1.76,2.4,4.45,6.8,16.8,3.65,1.95,1.5,1.26,1.46,2.2,3.4,6.6,3.78,2.43,1.56,1.33,1.53,1.95,3.55,5.6,1.7,1.68,2.82,3.88,2.04,2.1,2.47,1.93,9.6,2.72,1.63,1.22,1.06,1.01,1.03,1.23,1.76,2.75,5.75,13.8,23/02/2023
2648750_1,2023-03-04 16:00:00,Huddersfield,Coventry City,"Angleterre, Championship",2.12,2.98,2.68,1.47,1.31,1.24,3.88,2.13,1.73,1.46,1.97,3.45,5.45,12.8,3.62,1.99,1.58,1.35,1.74,2.88,4.55,10.0,3.52,2.34,1.54,1.34,1.67,2.16,4.25,6.85,1.71,1.68,2.44,2.85,2.25,2.45,2.62,1.98,8.3,2.49,1.53,1.17,1.04,1.01,1.04,1.28,1.9,3.05,7.0,18.0,23/02/2023
2648751_1,2023-03-04 16:00:00,Luton Town,Swansea,"Angleterre, Championship",3.15,3.08,1.86,1.23,1.62,1.22,3.55,1.94,1.52,1.29,1.6,2.55,4.0,8.3,4.2,2.31,1.89,1.58,2.17,3.92,6.1,14.8,3.58,2.36,1.54,1.33,1.62,2.09,4.0,6.45,1.72,1.67,2.15,2.25,2.62,3.25,2.58,1.96,8.7,2.55,1.56,1.19,1.05,1.01,1.03,1.27,1.86,2.95,6.55,16.5,23/02/2023
2648753_1,2023-03-04 13:30:00,Cardiff City,Bristol City,"Angleterre, Championship",2.6,2.9,2.22,1.33,1.43,1.25,3.58,1.97,1.59,1.35,1.79,3.02,4.8,10.8,3.72,2.06,1.67,1.42,1.93,3.38,5.35,12.5,3.5,2.34,1.54,1.34,1.7,2.21,4.4,7.15,1.72,1.67,2.28,2.49,2.39,2.72,2.68,1.99,7.9,2.45,1.5,1.17,1.04,1.01,1.04,1.3,1.94,3.1,7.3,18.8,23/02/2023
2648754_1,2023-03-04 16:00:00,Rotherham United,QPR,"Angleterre, Championship",2.22,2.95,2.55,1.43,1.34,1.24,3.95,2.13,1.71,1.44,1.87,3.18,4.95,11.2,3.8,2.05,1.64,1.38,1.76,2.9,4.55,9.9,3.65,2.42,1.57,1.36,1.65,2.12,4.1,6.5,1.67,1.72,2.33,2.82,2.23,2.6,2.55,2.03,8.6,2.58,1.56,1.19,1.05,1.01,1.03,1.27,1.86,2.95,6.55,16.5,23/02/2023
2648760_1,2023-03-05 16:15:00,Barcelona,Valence,"Espagne, LaLiga",7.4,4.7,1.29,1.06,2.9,1.1,4.55,2.28,1.59,1.27,1.23,1.63,2.37,4.0,8.25,4.35,3.68,2.92,3.65,7.35,11.0,30.0,4.9,2.82,1.7,1.37,1.3,1.59,2.5,3.88,1.79,1.67,1.98,1.83,4.35,7.55,2.32,1.8,15.8,3.82,2.03,1.41,1.15,1.04,1.01,1.14,1.5,2.22,3.95,8.3,23/02/2023
2648762_1,2023-03-04 14:00:00,Getafe,Gerone,"Espagne, LaLiga",2.72,2.85,2.5,1.33,1.38,1.29,3.25,1.87,1.55,1.36,2.01,3.75,6.35,16.5,3.35,1.92,1.59,1.39,2.1,4.0,6.75,18.0,3.32,2.24,1.54,1.37,1.93,2.62,5.8,10.5,1.91,1.57,2.58,2.39,2.65,2.5,3.25,1.97,6.35,2.23,1.4,1.12,1.02,1.01,1.07,1.4,2.25,3.75,10.8,30.0,23/02/2023
2648765_1,2023-03-04 18:30:00,Majorque,Elche,"Espagne, LaLiga",4.5,3.02,1.76,1.14,1.8,1.25,2.62,1.59,1.3,1.18,1.75,3.12,5.7,13.8,3.52,2.18,1.88,1.66,3.18,7.55,13.2,45.0,3.02,2.02,1.45,1.3,1.93,2.75,6.2,12.0,2.23,1.4,2.68,1.72,3.68,3.02,3.75,1.73,5.65,2.05,1.33,1.09,1.02,1.01,1.08,1.49,2.44,4.15,13.5,40.0,23/02/2023
2648766_1,2023-03-05 14:00:00,Valladolid,Espanyol Barcelone,"Espagne, LaLiga",2.9,3.02,2.25,1.29,1.47,1.26,3.6,1.97,1.58,1.36,1.81,3.12,5.1,11.8,3.92,2.15,1.76,1.5,2.1,3.85,6.25,15.8,3.62,2.39,1.57,1.38,1.77,2.34,4.85,8.2,1.79,1.67,2.37,2.45,2.6,2.9,2.88,2.03,7.6,2.47,1.5,1.16,1.04,1.01,1.05,1.32,2.02,3.32,8.35,22.0,23/02/2023
2648779_1,2023-03-04 21:00:00,Atletico Madrid,Seville,"Espagne, LaLiga",4.7,3.38,1.63,1.13,1.96,1.21,3.25,1.8,1.4,1.21,1.53,2.44,4.05,8.5,4.55,2.6,2.2,1.87,2.98,6.3,10.2,30.0,3.55,2.28,1.52,1.32,1.66,2.22,4.35,7.6,1.95,1.55,2.31,1.87,3.45,3.85,2.98,1.82,7.8,2.49,1.52,1.17,1.04,1.01,1.04,1.32,1.99,3.28,8.1,21.5,23/02/2023
2648780_1,2023-03-05 18:30:00,Rayo Vallecano,Athletic Club,"Espagne, LaLiga",2.37,2.92,2.8,1.43,1.31,1.28,3.7,2.05,1.69,1.45,2.07,3.82,6.25,16.0,3.5,1.94,1.58,1.36,1.88,3.32,5.5,13.2,3.55,2.35,1.57,1.38,1.83,2.43,5.15,8.85,1.82,1.64,2.58,2.75,2.43,2.46,2.98,2.02,7.1,2.39,1.47,1.15,1.03,1.01,1.05,1.35,2.09,3.45,9.05,24.5,23/02/2023
2648781_1,2023-03-05 21:00:00,Real Betis,Real Madrid,"Espagne, LaLiga",1.73,3.42,4.0,1.83,1.17,1.21,5.55,2.85,2.32,1.88,2.4,4.3,6.5,16.0,4.2,2.13,1.6,1.32,1.46,2.17,3.3,6.45,4.35,2.72,1.67,1.41,1.53,1.93,3.45,5.5,1.65,1.8,2.82,4.35,2.02,2.3,2.44,2.09,10.5,3.02,1.75,1.28,1.08,1.02,1.02,1.21,1.7,2.65,5.45,12.5,23/02/2023
2648783_1,2023-03-04 16:15:00,Almeria,Villarreal,"Espagne, LaLiga",1.99,3.35,3.12,1.61,1.26,1.22,6.0,2.85,2.23,1.76,1.96,3.15,4.55,9.85,5.15,2.45,1.83,1.45,1.52,2.22,3.22,6.2,4.9,3.08,1.79,1.49,1.5,1.83,3.15,4.8,1.5,2.02,2.35,4.2,1.96,2.9,2.2,2.36,12.8,3.5,1.9,1.35,1.12,1.03,1.02,1.16,1.58,2.37,4.5,9.65,23/02/2023
2648785_1,2023-03-06 21:00:00,Osasuna,Celta Vigo,"Espagne, LaLiga",2.8,2.88,2.4,1.31,1.42,1.28,3.38,1.9,1.56,1.35,1.93,3.5,5.85,14.5,3.52,1.99,1.65,1.43,2.1,3.98,6.6,17.2,3.42,2.29,1.55,1.37,1.87,2.52,5.45,9.55,1.87,1.6,2.5,2.4,2.62,2.65,3.1,1.99,6.75,2.31,1.43,1.13,1.03,1.01,1.06,1.38,2.17,3.6,9.9,27.5,23/02/2023
2648787_1,2023-03-03 21:00:00,Real Sociedad,Cádiz,"Espagne, LaLiga",6.35,3.75,1.44,1.08,2.36,1.16,3.2,1.78,1.36,1.17,1.43,2.17,3.58,7.15,5.2,3.02,2.58,2.18,3.68,8.5,13.8,45.0,3.62,2.24,1.5,1.29,1.55,2.08,3.85,6.75,2.08,1.47,2.36,1.67,4.15,4.6,3.05,1.69,8.4,2.58,1.56,1.19,1.05,1.01,1.04,1.29,1.92,3.15,7.4,19.2,23/02/2023
2648915_1,2023-03-04 18:30:00,Stuttgart,Bayern Munich,"Allemagne, Bundesliga",1.5,4.75,5.2,2.39,1.14,1.14,9.9,4.45,3.5,2.62,2.49,3.95,5.5,11.5,6.55,2.92,1.97,1.47,1.25,1.58,2.13,3.42,6.35,3.68,1.99,1.56,1.27,1.48,2.19,3.12,1.46,2.2,2.98,7.7,1.7,2.58,1.87,2.36,23.0,5.2,2.5,1.64,1.26,1.09,1.01,1.09,1.35,1.89,2.92,5.45,23/02/2023
2649152_1,2023-02-25 14:00:00,Brescia,Bari,"Italie, Serie B",2.36,3.0,2.75,1.42,1.33,1.26,3.65,2.03,1.65,1.41,1.94,3.45,5.45,13.0,3.5,1.94,1.57,1.34,1.8,3.08,4.9,11.2,3.48,2.32,1.54,1.35,1.72,2.25,4.5,7.4,1.74,1.65,2.4,2.68,2.29,2.46,2.75,1.99,7.6,2.35,1.47,1.15,1.03,1.01,1.04,1.29,1.93,3.05,7.6,19.8,23/02/2023
2649155_1,2023-02-25 14:00:00,Ternana,Cittadella,"Italie, Serie B",2.92,3.05,2.22,1.29,1.47,1.25,3.52,1.93,1.55,1.32,1.73,2.9,4.6,10.2,3.8,2.1,1.72,1.45,2.0,3.58,5.6,13.5,3.5,2.34,1.54,1.35,1.7,2.21,4.35,7.1,1.73,1.66,2.24,2.39,2.45,2.85,2.68,1.99,7.85,2.39,1.48,1.16,1.03,1.01,1.04,1.28,1.9,2.98,7.3,18.8,23/02/2023
2649156_1,2023-02-25 14:00:00,Come,Cosenza,"Italie, Serie B",4.8,3.58,1.58,1.12,2.02,1.18,3.48,1.89,1.44,1.22,1.41,2.1,3.25,6.2,4.95,2.72,2.28,1.88,2.68,5.3,8.15,21.5,3.72,2.37,1.54,1.31,1.51,1.93,3.48,5.6,1.78,1.62,2.06,1.92,3.15,4.15,2.55,1.84,9.4,2.62,1.6,1.21,1.05,1.01,1.02,1.23,1.74,2.7,5.85,14.2,23/02/2023
2649157_1,2023-02-25 16:15:00,Genes,SPAL,"Italie, Serie B",5.6,3.65,1.5,1.1,2.17,1.17,3.2,1.78,1.37,1.18,1.41,2.11,3.35,6.4,4.8,2.75,2.34,1.94,3.05,6.55,10.2,29.5,3.55,2.25,1.49,1.28,1.52,1.99,3.6,5.95,1.91,1.53,2.16,1.75,3.5,4.2,2.75,1.73,8.55,2.49,1.54,1.18,1.04,1.01,1.03,1.25,1.81,2.82,6.45,16.2,23/02/2023
2649158_1,2023-02-25 14:00:00,Reggina,Modene FC,"Italie, Serie B",3.22,3.08,2.07,1.25,1.55,1.25,3.48,1.9,1.52,1.3,1.65,2.7,4.25,9.2,3.95,2.18,1.79,1.51,2.1,3.82,5.95,14.5,3.55,2.35,1.55,1.35,1.68,2.18,4.25,6.9,1.73,1.67,2.18,2.28,2.52,3.05,2.68,1.98,8.0,2.41,1.5,1.16,1.04,1.01,1.04,1.27,1.88,2.95,7.05,18.0,23/02/2023
2649159_1,2023-02-25 14:00:00,Venezia,Cagliari,"Italie, Serie B",2.8,3.12,2.26,1.32,1.46,1.24,,2.11,1.66,,1.68,,4.1,8.6,4.25,2.24,1.79,1.48,1.86,3.12,4.75,10.5,3.88,2.55,1.61,1.38,1.6,2.03,3.8,5.95,1.61,1.79,2.13,2.65,2.28,3.05,2.44,2.1,9.25,2.65,1.59,1.21,1.05,1.01,1.03,1.22,1.75,2.68,5.85,14.0,23/02/2023
2649160_1,2023-02-25 14:00:00,Suditrol,Palerme FC,"Italie, Serie B",2.85,3.0,2.3,1.31,,1.26,3.42,1.91,1.55,1.33,1.78,3.05,4.85,11.0,3.65,2.03,1.67,1.42,1.99,3.58,5.7,13.8,3.42,2.3,1.53,1.34,1.73,2.27,4.6,7.5,1.75,1.64,2.29,2.39,,,2.78,1.97,7.45,2.33,1.46,1.14,1.03,1.01,1.04,1.3,1.95,3.08,7.8,20.5,23/02/2023
2649163_1,2023-02-25 18:00:00,Empoli,Naples,"Italie, Serie A",1.43,4.8,6.6,2.55,1.1,1.15,7.6,3.85,3.18,2.52,3.08,5.75,8.5,21.5,4.65,2.3,1.62,1.3,1.28,1.72,2.52,4.35,4.85,2.88,1.72,1.4,1.35,1.65,2.65,4.1,1.73,1.82,3.62,6.5,1.93,2.02,2.26,1.95,14.8,3.9,2.06,1.42,1.15,1.04,1.02,1.16,1.55,2.36,4.1,8.7,23/02/2023
2649167_1,2023-02-25 20:45:00,Lecce,Sassuolo,"Italie, Serie A",2.95,3.25,2.41,1.35,1.47,1.28,4.05,2.12,1.69,1.41,1.77,2.95,4.6,10.2,4.3,2.24,1.8,1.5,1.94,3.35,5.2,12.2,3.98,2.58,1.64,1.42,1.7,2.18,4.25,7.0,1.72,1.83,2.25,2.72,2.39,3.05,2.65,2.15,8.85,2.82,1.63,1.23,1.06,1.01,1.04,1.29,1.93,3.15,6.9,17.0,23/02/2023
2649192_1,2023-02-26 12:30:00,Bologne,Inter Milan,"Italie, Serie A",1.7,3.7,4.95,2.02,1.15,1.22,5.2,2.8,2.33,1.93,2.72,5.35,8.3,22.5,3.72,1.96,1.49,1.25,1.46,2.21,3.5,7.0,3.98,2.5,1.6,1.36,1.57,2.02,3.75,6.2,1.84,1.71,3.18,4.3,2.13,2.03,2.65,1.94,9.55,2.92,1.69,1.25,1.07,1.01,1.04,1.27,1.86,3.05,6.35,15.5,23/02/2023
2649200_1,2023-02-26 15:00:00,Salernitana,Monza,"Italie, Serie A",2.19,3.38,3.25,1.56,1.3,1.26,4.6,2.39,1.93,1.59,2.05,3.55,5.5,13.0,4.1,2.13,1.66,1.38,1.67,2.68,4.15,8.9,4.05,2.62,1.65,1.41,1.65,2.11,4.05,6.55,1.7,1.84,2.48,3.35,2.18,2.6,2.55,2.15,9.5,2.92,1.68,1.25,1.07,1.01,1.04,1.27,1.87,3.05,6.4,15.5,23/02/2023
2649201_1,2023-02-26 16:15:00,Ascoli,Benevento,"Italie, Serie B",2.85,2.92,2.14,1.29,1.48,1.25,3.48,1.92,1.55,1.32,1.73,2.9,4.6,10.2,3.78,2.09,1.71,1.45,2.01,3.6,5.65,13.5,3.5,2.33,1.54,1.35,1.7,2.21,4.4,7.15,1.73,1.66,2.24,2.38,2.46,2.85,2.7,1.99,7.8,2.38,1.48,1.15,1.03,1.01,1.04,1.28,1.91,3.0,7.35,19.0,23/02/2023
2649207_1,2023-02-27 18:30:00,Hellas Verone,Fiorentina,"Italie, Serie A",2.19,3.25,3.15,1.52,1.29,1.27,4.25,2.27,1.84,1.55,2.08,3.72,5.9,14.5,3.85,2.04,1.61,1.36,1.73,2.85,4.55,10.2,3.82,2.5,1.61,1.39,1.71,2.22,4.4,7.3,1.75,1.76,2.55,3.15,2.26,2.5,2.72,2.08,8.6,2.7,1.59,1.21,1.05,1.01,1.04,1.3,1.96,3.22,7.3,18.5,23/02/2023
2649208_1,2023-02-26 20:45:00,Milan AC,Atalanta,"Italie, Serie A",3.35,3.35,2.16,1.27,1.61,1.26,4.55,2.25,1.72,1.4,1.58,2.41,3.62,7.35,5.2,2.58,2.06,1.67,2.01,3.38,5.0,11.5,4.5,2.85,1.73,1.46,1.58,1.98,3.58,5.6,1.61,1.96,2.04,2.72,2.4,3.78,2.39,2.26,10.8,3.22,1.8,1.31,1.1,1.02,1.03,1.22,1.74,2.75,5.35,12.2,23/02/2023
2649209_1,2023-02-28 18:30:00,Cremonese,AS Rome,"Italie, Serie A",1.65,3.6,5.1,1.98,1.14,1.22,4.8,2.65,2.24,1.88,2.88,5.95,9.4,27.0,3.4,1.85,1.43,1.22,1.5,2.34,3.82,7.85,3.75,2.37,1.56,1.34,1.63,2.15,4.1,7.0,1.92,1.62,3.32,4.0,2.23,1.92,2.88,1.87,8.45,2.68,1.59,1.2,1.05,1.01,1.04,1.31,1.96,3.25,7.4,19.0,23/02/2023
2649210_1,2023-02-28 20:45:00,Juventus,Torino,"Italie, Serie A",4.65,3.55,1.71,1.16,1.89,1.23,3.42,1.86,1.45,1.24,1.54,2.44,3.98,8.35,4.65,2.58,2.15,1.81,2.72,5.55,8.8,24.5,3.7,2.36,1.55,1.34,1.65,2.18,4.25,7.25,1.9,1.63,2.24,1.99,3.2,3.82,2.85,1.9,8.35,2.65,1.57,1.19,1.05,1.01,1.05,1.31,1.98,3.3,7.6,19.8,23/02/2023
2649212_1,2023-02-27 20:45:00,Lazio,Sampdoria,"Italie, Serie A",7.4,4.4,1.4,1.08,2.58,1.15,3.55,1.9,1.42,1.19,1.35,1.96,3.1,5.85,6.0,3.35,2.88,2.38,3.68,8.15,12.8,40.0,3.95,2.4,1.55,1.31,1.46,1.89,3.32,5.55,2.02,1.55,2.22,1.71,4.2,5.35,2.78,1.72,10.2,2.95,1.72,1.26,1.08,1.02,1.03,1.25,1.79,2.9,6.0,14.5,23/02/2023
2649219_1,2023-03-03 20:45:00,Naples,Lazio,"Italie, Serie A",4.85,3.72,1.55,1.12,2.09,1.17,4.3,2.16,1.58,1.29,1.37,1.95,2.95,5.45,6.3,3.2,2.65,2.13,2.7,5.0,7.5,19.0,4.5,2.75,1.68,1.4,1.45,1.82,3.12,4.9,1.68,1.77,1.98,2.13,3.18,5.15,2.38,2.01,11.8,3.25,1.83,1.31,1.1,1.02,1.02,1.19,1.63,2.5,4.9,11.0,23/02/2023
2650529_1,2023-02-26 18:00:00,Udinese,Spezia,"Italie, Serie A",5.5,4.0,1.59,1.13,2.15,1.19,4.0,2.06,1.53,1.26,1.39,2.03,3.1,5.9,5.9,3.08,2.55,2.08,2.8,5.4,8.15,21.5,4.3,2.62,1.64,1.38,1.49,1.89,3.32,5.35,1.79,1.76,2.04,2.04,3.25,4.9,2.5,1.96,11.0,3.18,1.8,1.3,1.09,1.02,1.03,1.23,1.75,2.78,5.45,12.5,23/02/2023
2657141_1,2023-03-04 15:30:00,Mainz,Hoffenheim,"Allemagne, Bundesliga",3.3,3.58,2.05,1.29,1.66,1.23,5.2,2.47,1.84,1.46,1.52,2.21,3.2,6.15,6.05,2.85,2.24,1.77,1.95,3.12,4.5,9.7,4.95,3.08,1.8,1.49,1.49,1.82,3.12,4.75,1.52,2.08,1.95,2.92,2.34,4.2,2.18,2.37,12.8,3.52,1.95,1.38,1.13,1.03,1.02,1.17,1.6,2.42,4.45,9.5,23/02/2023
2657226_1,2023-03-03 21:00:00,Nice,Auxerre,"France, Ligue 1 UberEATS®",4.9,3.52,1.53,1.13,2.16,1.2,3.85,2.0,1.5,1.25,1.41,2.07,3.22,6.2,5.65,3.0,2.52,2.06,2.85,5.65,8.6,23.5,4.15,2.58,1.62,1.36,1.51,1.93,3.45,5.65,1.81,1.7,2.08,1.99,3.32,4.75,2.58,1.92,10.2,3.02,1.74,1.27,1.08,1.02,1.03,1.24,1.77,2.82,5.75,13.5,23/02/2023
2657232_1,2023-03-05 15:00:00,Montpellier,Angers,"France, Ligue 1 UberEATS®",3.6,3.28,1.8,1.21,1.78,1.24,3.98,2.06,1.58,1.32,1.54,2.37,3.7,7.55,5.0,2.62,2.14,1.77,2.35,4.25,6.6,16.5,4.05,2.58,1.62,1.39,1.59,2.04,3.82,6.2,1.73,1.78,2.12,2.3,2.8,3.88,2.55,2.06,9.6,2.9,1.69,1.25,1.07,1.01,1.03,1.26,1.83,2.95,6.2,15.0,23/02/2023
2657234_1,2023-03-05 17:05:00,Lyon,Lorient,"France, Ligue 1 UberEATS®",5.2,3.9,1.45,1.11,2.36,1.17,4.45,2.21,1.59,1.29,1.32,1.84,2.75,4.9,6.85,3.5,2.9,2.32,2.92,5.45,8.15,20.5,4.65,2.78,1.69,1.39,1.4,1.74,2.9,4.55,1.72,1.79,1.96,2.06,3.42,5.75,2.33,1.97,13.2,3.42,1.93,1.36,1.12,1.03,1.02,1.18,1.61,2.47,4.55,10.0,23/02/2023
2657242_1,2023-03-04 21:00:00,Paris SG,Nantes,"France, Ligue 1 UberEATS®",7.55,4.75,1.26,1.06,3.18,1.11,4.85,2.38,1.64,1.29,1.2,1.56,2.23,3.68,9.0,4.65,3.95,3.12,3.72,7.45,11.0,29.5,5.15,2.95,1.75,1.39,1.27,1.53,2.35,3.58,1.79,1.72,1.94,1.84,4.45,8.35,2.25,1.81,17.5,4.15,2.19,1.48,1.18,1.05,1.01,1.13,1.46,2.15,3.6,7.3,23/02/2023
2657245_1,2023-03-04 17:00:00,Lens,Lille,"France, Ligue 1 UberEATS®",2.92,3.12,2.1,1.3,1.56,1.26,4.25,2.17,1.69,1.4,1.66,2.65,4.05,8.65,4.75,2.43,1.95,1.6,2.02,3.45,5.3,12.5,4.15,2.65,1.66,1.42,1.63,2.07,3.9,6.3,1.67,1.85,2.16,2.65,2.46,3.4,2.5,2.17,9.6,2.92,1.69,1.25,1.07,1.01,1.03,1.25,1.82,2.92,6.15,14.8,23/02/2023
2657246_1,2023-03-05 15:00:00,Strasbourg,Brest,"France, Ligue 1 UberEATS®",3.3,2.98,2.0,1.25,1.62,1.28,3.82,2.0,1.57,1.33,1.64,2.65,4.15,9.05,4.45,2.36,1.94,1.62,2.18,4.0,6.2,15.8,3.95,2.55,1.63,1.41,1.69,2.19,4.25,7.05,1.74,1.77,2.17,2.39,2.62,3.42,2.7,2.1,8.35,2.75,1.61,1.22,1.06,1.01,1.04,1.29,1.93,3.15,7.0,17.5,23/02/2023
2657247_1,2023-03-05 15:00:00,Reims,AC Ajaccio,"France, Ligue 1 UberEATS®",5.1,3.42,1.54,1.12,2.15,1.21,3.28,1.8,1.39,1.2,1.48,2.31,3.82,7.8,4.85,2.75,2.34,1.97,3.15,6.85,11.0,35.0,3.62,2.29,1.52,1.31,1.61,2.15,4.1,7.15,2.01,1.56,2.3,1.81,3.65,4.15,2.98,1.79,8.1,2.62,1.57,1.19,1.05,1.01,1.05,1.32,1.99,3.32,7.7,20.0,23/02/2023
2657248_1,2023-03-05 20:45:00,Rennes,Marseille,"France, Ligue 1 UberEATS®",2.31,3.18,2.55,1.47,1.39,1.26,4.9,2.44,1.91,1.56,1.83,2.95,4.45,9.7,4.75,2.36,1.83,1.49,1.73,2.72,4.1,8.7,4.35,2.78,1.7,1.44,1.58,1.99,3.65,5.75,1.6,1.94,2.27,3.28,2.18,3.05,2.37,2.25,10.5,3.1,1.77,1.29,1.09,1.02,1.03,1.22,1.74,2.75,5.5,12.8,23/02/2023
2657256_1,2023-03-05 15:00:00,Toulouse,Clermont,"France, Ligue 1 UberEATS®",3.92,3.42,1.68,1.18,1.91,1.22,4.45,2.21,1.64,1.34,1.44,2.09,3.12,5.95,5.9,2.95,2.4,1.93,2.37,4.2,6.2,15.0,4.55,2.82,1.7,1.42,1.5,1.86,3.25,5.1,1.64,1.88,1.98,2.36,2.8,4.6,2.34,2.13,11.5,3.25,1.84,1.32,1.1,1.03,1.02,1.2,1.67,2.6,5.0,11.2,23/02/2023
2657266_1,2023-03-05 13:00:00,Troyes,Monaco,"France, Ligue 1 UberEATS®",1.43,3.95,5.25,2.39,1.11,1.16,7.05,3.58,2.95,2.36,2.92,5.45,8.15,20.5,4.5,2.24,1.6,1.29,1.31,1.81,2.68,4.75,4.7,2.82,1.7,1.39,1.39,1.71,2.82,4.4,1.71,1.8,3.42,5.95,1.95,2.06,2.3,1.97,13.5,3.5,1.96,1.37,1.13,1.03,1.02,1.17,1.59,2.43,4.4,9.6,23/02/2023
2659566_1,2023-02-25 13:00:00,Kaiserslautern,Greuther Furth,"Allemagne, Bundesliga 2",2.7,3.1,2.35,1.38,1.47,1.29,3.95,2.1,1.66,1.39,1.72,2.8,4.3,9.25,4.1,2.18,1.75,1.45,1.84,3.1,4.7,10.5,3.8,2.5,1.6,1.38,1.62,2.07,3.92,6.15,1.71,1.86,2.17,2.68,2.27,2.92,2.48,2.08,9.0,2.75,1.62,1.22,1.06,1.01,1.04,1.26,1.84,2.95,6.1,14.8,23/02/2023
2659567_1,2023-02-25 13:00:00,Holstein Kiel,Paderborn,"Allemagne, Bundesliga 2",2.27,3.45,2.58,1.51,1.42,1.25,6.65,2.98,2.24,1.69,1.6,2.27,3.1,5.7,6.4,2.9,2.14,1.62,1.51,2.11,2.88,5.15,5.6,3.5,1.92,1.56,1.37,1.62,2.52,3.55,1.4,2.47,1.93,4.05,1.85,3.7,1.86,2.58,17.5,4.3,2.21,1.51,1.19,1.06,1.01,1.11,1.42,2.01,3.15,6.05,23/02/2023
2659569_1,2023-02-25 13:00:00,Nurnberg,Sandhausen,"Allemagne, Bundesliga 2",3.65,3.25,1.86,1.23,1.76,1.27,3.42,1.89,1.48,1.26,1.57,2.47,3.92,8.05,4.25,2.34,1.93,1.62,2.29,4.3,6.7,16.8,3.55,2.33,1.53,1.33,1.62,2.1,4.0,6.55,1.85,1.73,2.15,2.13,2.75,3.35,2.62,1.92,8.4,2.6,1.57,1.19,1.05,1.01,1.04,1.29,1.92,3.12,6.75,17.2,23/02/2023
2659570_1,2023-02-25 20:30:00,Darmstadt,Hambourg,"Allemagne, Bundesliga 2",2.36,3.4,2.49,1.43,1.41,1.26,5.6,2.68,2.03,1.58,1.63,2.4,3.38,6.5,5.55,2.65,2.0,1.57,1.6,2.35,3.32,6.3,4.9,3.1,1.79,1.48,1.43,1.72,2.85,4.15,1.47,2.22,1.99,3.52,1.97,3.45,2.01,2.4,14.2,3.62,1.95,1.39,1.13,1.04,1.01,1.13,1.5,2.18,3.78,7.75,23/02/2023
2659571_1,2023-02-24 18:30:00,Karlsruhe,Jahn Regensburg,"Allemagne, Bundesliga 2",4.0,3.5,1.71,1.2,1.91,1.24,4.15,2.12,1.59,1.3,1.41,2.03,3.02,5.6,5.45,2.78,2.27,1.82,2.24,3.92,5.8,13.5,4.2,2.68,1.65,1.38,1.46,1.82,3.12,4.8,1.67,1.92,1.92,2.27,2.65,4.25,2.27,2.06,11.2,3.1,1.8,1.3,1.09,1.02,1.02,1.19,1.66,2.55,4.7,10.5,23/02/2023
2659572_1,2023-02-26 13:30:00,Hanovre,Magdeburg,"Allemagne, Bundesliga 2",3.35,3.62,1.84,1.26,1.73,1.23,5.4,2.55,1.86,1.45,1.4,1.92,2.68,4.7,6.55,3.08,2.4,1.85,1.91,2.95,4.15,8.4,5.05,3.18,1.81,1.48,1.38,1.65,2.62,3.8,1.47,2.22,1.79,2.85,2.28,4.65,1.96,2.35,15.8,3.85,2.03,1.42,1.15,1.04,1.01,1.12,1.45,2.1,3.5,7.05,23/02/2023
2659573_1,2023-02-24 18:30:00,Dusseldorf,Braunschweig,"Allemagne, Bundesliga 2",4.45,3.7,1.6,1.17,2.08,1.21,4.3,2.16,1.6,1.3,1.35,1.89,2.75,4.95,5.95,3.02,2.48,1.97,2.38,4.2,6.15,14.5,4.4,2.75,1.67,1.39,1.41,1.74,2.9,4.4,1.67,1.92,1.87,2.19,2.82,4.8,2.2,2.03,12.2,3.25,1.87,1.34,1.11,1.03,1.02,1.17,1.6,2.43,4.3,9.35,23/02/2023
2659574_1,2023-02-26 13:30:00,Arminia Bielefeld,Heidenheim,"Allemagne, Bundesliga 2",2.27,3.15,2.75,1.47,1.35,1.29,4.55,2.32,1.85,1.51,1.8,2.92,4.35,9.4,4.3,2.2,1.72,1.41,1.64,2.58,3.82,7.85,4.1,2.68,1.66,1.41,1.56,1.95,3.52,5.4,1.62,1.95,2.2,3.18,2.06,2.8,2.33,2.18,10.2,2.85,1.69,1.26,1.07,1.01,1.02,1.2,1.7,2.6,5.2,12.0,23/02/2023
2659744_1,2023-02-24 20:30:00,Mainz,M'gladbach,"Allemagne, Bundesliga",3.38,3.68,2.03,1.29,1.67,1.25,5.25,2.48,1.84,1.46,1.52,2.2,3.2,6.1,6.05,2.88,2.25,1.77,1.96,3.12,4.5,9.65,4.95,3.08,1.79,1.49,1.49,1.81,3.1,4.7,1.54,2.13,1.95,2.92,2.35,4.2,2.17,2.37,13.5,3.9,1.99,1.4,1.14,1.04,1.02,1.18,1.62,2.48,4.4,9.85,23/02/2023
2659745_1,2023-02-25 18:30:00,Schalke 04,Stuttgart,"Allemagne, Bundesliga",2.3,3.38,3.02,1.53,1.35,1.28,4.55,2.34,1.87,1.55,1.97,3.35,5.2,12.0,4.2,2.17,1.7,1.41,1.72,2.78,4.3,9.4,4.05,2.62,1.65,1.41,1.65,2.11,4.05,6.55,1.71,1.87,2.41,3.22,2.21,2.72,2.55,2.16,9.55,3.0,1.69,1.25,1.07,1.02,1.04,1.28,1.89,3.1,6.4,16.2,23/02/2023
2659747_1,2023-02-25 15:30:00,Hoffenheim,Dortmund,"Allemagne, Bundesliga",1.76,4.15,4.0,1.96,1.21,1.2,7.9,3.62,2.8,2.13,2.16,3.35,4.75,9.8,6.05,2.75,1.93,1.48,1.36,1.82,2.55,4.35,5.7,3.42,1.9,1.53,1.36,1.62,2.55,3.72,1.48,2.25,2.55,5.7,1.8,2.82,1.96,2.42,18.5,4.85,2.3,1.53,1.21,1.07,1.01,1.13,1.46,2.14,3.45,7.15,23/02/2023
2659749_1,2023-02-25 15:30:00,Cologne,Wolfsbourg,"Allemagne, Bundesliga",2.95,3.48,2.3,1.36,1.52,1.28,4.85,2.37,1.82,1.47,1.66,2.55,3.82,7.85,5.15,2.55,1.99,1.6,1.86,3.0,4.45,9.65,4.55,2.88,1.73,1.46,1.57,1.95,3.52,5.45,1.6,2.03,2.1,3.0,2.27,3.52,2.33,2.3,11.5,3.45,1.85,1.33,1.11,1.03,1.03,1.22,1.73,2.72,5.2,12.2,23/02/2023
2659751_1,2023-02-25 15:30:00,Werder Breme,Bochum,"Allemagne, Bundesliga",3.68,3.78,1.92,1.25,1.76,1.24,5.15,2.45,1.81,1.43,1.47,2.11,3.08,5.75,6.25,2.98,2.35,1.85,2.06,3.35,4.85,10.5,4.95,3.08,1.79,1.48,1.47,1.79,3.05,4.65,1.55,2.1,1.93,2.78,2.46,4.5,2.17,2.32,13.8,3.92,2.01,1.4,1.14,1.04,1.02,1.18,1.61,2.46,4.35,9.7,23/02/2023
2659752_1,2023-02-26 17:30:00,Bayern Munich,Union Berlin,"Allemagne, Bundesliga",8.6,5.5,1.31,1.07,3.15,1.12,4.85,2.38,1.64,1.29,1.21,1.58,2.26,3.75,8.85,4.55,3.85,3.05,3.6,7.05,10.5,27.5,5.15,2.98,1.75,1.4,1.28,1.54,2.37,3.62,1.8,1.77,1.93,1.87,4.3,8.1,2.23,1.84,17.5,4.55,2.23,1.5,1.19,1.06,1.01,1.14,1.49,2.22,3.65,7.75,23/02/2023
2659758_1,2023-02-25 15:30:00,Hertha BSC,Augsbourg,"Allemagne, Bundesliga",3.25,3.6,2.11,1.31,1.62,1.26,4.95,2.4,1.81,1.45,1.57,2.34,3.45,6.85,5.6,2.72,2.13,1.7,1.94,3.15,4.6,10.0,4.7,2.95,1.75,1.47,1.52,1.88,3.32,5.1,1.58,2.06,2.02,2.9,2.34,3.9,2.26,2.31,12.2,3.62,1.91,1.36,1.12,1.03,1.03,1.2,1.68,2.62,4.8,11.0,23/02/2023
2659759_1,2023-02-25 15:30:00,RB Leipzig,Eintracht Frankfurt,"Allemagne, Bundesliga",4.75,4.1,1.65,1.17,2.13,1.2,4.85,2.35,1.69,1.35,1.36,1.89,2.75,4.95,6.85,3.38,2.72,2.14,2.5,4.3,6.35,14.8,4.85,2.95,1.74,1.43,1.41,1.73,2.88,4.4,1.63,1.97,1.9,2.34,2.95,5.4,2.2,2.13,14.2,3.95,2.03,1.41,1.15,1.04,1.02,1.18,1.59,2.45,4.3,9.55,23/02/2023
2659804_1,2023-02-24 20:30:00,LASK,A. Lustenau,"Autriche, Bundesliga",5.75,4.45,1.39,1.1,2.58,1.14,4.75,2.36,1.66,1.31,1.23,1.6,2.26,3.7,7.65,3.85,3.18,2.47,2.75,4.9,7.15,16.8,4.85,2.95,1.73,1.4,1.28,1.54,2.36,3.48,1.66,1.93,1.79,2.06,3.32,6.6,2.04,1.96,16.2,3.95,2.17,1.47,1.18,1.05,1.01,1.13,1.47,2.17,3.42,6.8,23/02/2023
2666985_1,2023-03-05 18:30:00,FC Copenhague,Odense Boldklub,"Danemark, SuperLiga",5.25,3.7,1.39,1.09,2.34,1.15,4.15,2.12,1.55,1.26,1.28,1.75,2.55,4.4,6.4,3.35,2.78,2.22,2.75,5.2,7.65,19.2,4.4,2.7,1.66,1.36,1.36,1.68,2.72,4.15,1.66,1.73,1.88,1.97,3.25,5.55,2.25,1.9,12.5,3.32,1.87,1.34,1.11,1.03,1.01,1.15,1.55,2.31,4.15,8.9,23/02/2023
2667001_1,2023-02-26 16:00:00,FC Copenhague,AaB,"Danemark, SuperLiga",7.2,4.35,1.31,1.06,2.85,1.12,3.75,1.99,1.46,1.2,1.25,1.71,2.55,4.35,6.5,3.62,3.08,2.49,3.45,7.3,11.0,30.0,4.1,2.49,1.58,1.3,1.33,1.67,2.7,4.2,1.9,1.61,2.01,1.7,4.05,6.0,2.42,1.7,11.8,3.25,1.87,1.33,1.11,1.03,1.02,1.19,1.62,2.5,4.4,9.75,23/02/2023
2667337_1,2023-02-25 16:00:00,QPR,Blackburn,"Angleterre, Championship",3.08,3.2,2.03,1.26,1.56,1.23,3.75,2.01,1.58,1.33,1.63,2.58,4.0,8.35,4.25,2.29,1.86,1.55,2.05,3.58,5.55,13.0,3.68,2.42,1.56,1.35,1.61,2.06,3.9,6.2,1.7,1.75,2.14,2.39,2.49,3.18,2.5,2.01,9.0,2.62,1.58,1.2,1.05,1.01,1.03,1.25,1.82,2.88,6.25,15.5,23/02/2023
2667338_1,2023-02-25 16:00:00,Bristol City,Hull City,"Angleterre, Championship",2.9,3.1,2.17,1.29,1.49,1.24,3.62,1.98,1.57,1.33,1.71,2.8,4.4,9.6,3.95,2.16,1.75,1.48,1.99,3.5,5.5,13.0,3.55,2.36,1.55,1.34,1.66,2.15,4.2,6.75,1.74,1.71,2.22,2.42,2.45,2.92,2.6,1.99,8.3,2.5,1.53,1.18,1.04,1.01,1.04,1.28,1.89,3.02,6.85,17.5,23/02/2023
2667339_1,2023-02-25 16:00:00,Preston N. End,Wigan Athletic,"Angleterre, Championship",3.1,3.05,2.09,1.26,1.53,1.25,3.45,1.9,1.52,1.3,1.68,2.78,4.4,9.55,3.88,2.15,1.77,1.49,2.08,3.78,5.95,14.5,3.5,2.33,1.54,1.34,1.69,2.19,4.35,7.05,1.77,1.68,2.21,2.3,2.52,2.95,2.7,1.97,7.9,2.46,1.51,1.17,1.04,1.01,1.04,1.29,1.94,3.1,7.25,18.8,23/02/2023
2667340_1,2023-02-25 16:00:00,Stoke City,Millwall,"Angleterre, Championship",2.85,3.0,2.25,1.3,1.46,1.25,3.35,1.89,1.53,1.32,1.79,3.08,5.0,11.5,3.58,2.03,1.66,1.42,2.04,3.7,5.95,14.5,3.35,2.25,1.51,1.33,1.74,2.29,4.7,7.75,1.82,1.64,2.33,2.33,2.52,2.7,2.8,1.94,7.35,2.35,1.46,1.14,1.03,1.01,1.05,1.33,2.02,3.28,8.1,22.0,23/02/2023
2667341_1,2023-02-25 16:00:00,West Bromwich,Middlesbrough,"Angleterre, Championship",2.75,3.15,2.23,1.32,1.46,1.23,3.98,2.11,1.66,1.38,1.69,2.7,4.15,8.75,4.25,2.24,1.79,1.49,1.88,3.15,4.8,10.8,3.8,2.5,1.59,1.37,1.6,2.03,3.8,6.0,1.65,1.8,2.15,2.65,2.31,3.02,2.44,2.07,9.35,2.68,1.61,1.22,1.06,1.01,1.03,1.24,1.78,2.8,5.9,14.2,23/02/2023
2667342_1,2023-02-25 16:00:00,Burnley,Huddersfield,"Angleterre, Championship",6.8,4.15,1.35,1.07,2.6,1.13,3.65,1.95,1.44,1.2,1.28,1.78,2.68,4.7,6.15,3.42,2.92,2.36,3.35,7.1,10.8,30.0,4.0,2.44,1.56,1.3,1.37,1.72,2.85,4.5,1.89,1.59,2.03,1.71,3.9,5.55,2.48,1.71,11.0,3.0,1.76,1.28,1.09,1.02,1.02,1.19,1.63,2.5,4.75,10.8,23/02/2023
2667343_1,2023-02-25 16:00:00,Sheffield United,Watford,"Angleterre, Championship",3.78,3.38,1.76,1.18,1.78,1.2,3.65,1.96,1.51,1.27,1.5,2.27,3.52,6.9,4.65,2.52,2.07,1.71,2.32,4.25,6.55,16.0,3.72,2.42,1.56,1.34,1.55,1.98,3.62,5.8,1.73,1.72,2.06,2.15,2.75,3.7,2.48,1.95,9.45,2.68,1.62,1.22,1.06,1.01,1.03,1.24,1.78,2.8,5.9,14.2,23/02/2023
2667344_1,2023-02-25 16:00:00,Norwich City,Cardiff City,"Angleterre, Championship",4.35,3.48,1.63,1.14,1.92,1.19,3.5,1.9,1.46,1.23,1.45,2.18,3.4,6.55,4.8,2.65,2.19,1.8,2.55,4.9,7.6,19.5,3.68,2.37,1.54,1.32,1.53,1.97,3.58,5.75,1.79,1.66,2.07,1.98,3.0,3.95,2.55,1.87,9.25,2.65,1.61,1.21,1.06,1.01,1.03,1.24,1.79,2.82,6.0,14.8,23/02/2023
2667345_1,2023-02-25 16:00:00,Birmingham C.,Luton Town,"Angleterre, Championship",2.29,3.02,2.75,1.44,1.32,1.25,3.6,2.02,1.65,1.42,1.99,3.58,5.75,13.8,3.4,1.91,1.55,1.33,1.81,3.1,5.0,11.5,3.35,2.26,1.51,1.33,1.73,2.28,4.65,7.65,1.81,1.65,2.48,2.68,2.33,2.38,2.78,1.95,7.5,2.36,1.47,1.15,1.03,1.01,1.05,1.32,2.01,3.25,8.0,21.5,23/02/2023
2667346_1,2023-02-25 16:00:00,Reading,Blackpool,"Angleterre, Championship",3.28,3.25,1.93,1.23,1.63,1.22,3.88,2.05,1.58,1.32,1.56,2.39,3.65,7.35,4.6,2.42,1.96,1.61,2.08,3.62,5.5,12.8,3.85,2.5,1.59,1.36,1.56,1.98,3.65,5.7,1.66,1.79,2.06,2.38,2.5,3.45,2.41,2.04,9.7,2.72,1.64,1.23,1.06,1.01,1.03,1.23,1.76,2.75,5.65,13.5,23/02/2023
2667963_1,2023-02-27 21:00:00,Swansea,Rotherham United,"Angleterre, Championship",4.45,3.38,1.51,1.12,2.03,1.18,3.45,1.88,1.44,1.22,1.42,2.11,3.3,6.3,4.9,2.72,2.27,1.88,2.7,5.35,8.25,22.0,3.68,2.35,1.53,1.31,1.51,1.94,3.5,5.65,1.79,1.61,2.08,1.91,3.18,4.15,2.55,1.83,9.3,2.68,1.61,1.21,1.06,1.01,1.03,1.24,1.78,2.82,5.9,14.5,23/02/2023
2669618_1,2023-02-26 13:30:00,St. Pauli,Hansa Rostock,"Allemagne, Bundesliga 2",4.2,3.42,1.69,1.18,1.88,1.24,3.9,2.02,1.54,1.27,1.42,2.08,3.12,5.9,5.15,2.7,2.23,1.81,2.33,4.25,6.3,15.5,4.05,2.58,1.62,1.37,1.49,1.88,3.3,5.15,1.71,1.83,1.95,2.16,2.75,4.15,2.37,2.0,10.2,2.88,1.7,1.26,1.08,1.02,1.02,1.2,1.69,2.58,5.1,11.8,23/02/2023
2670394_1,2023-03-01 20:45:00,Arsenal,Everton,"Angleterre, Premier League",8.0,4.65,1.32,1.07,2.85,1.13,3.82,2.01,1.46,1.21,1.29,1.8,2.78,5.0,6.85,3.8,3.25,2.65,3.9,8.6,13.2,40.0,4.25,2.5,1.59,1.31,1.38,1.76,2.95,4.8,1.99,1.57,2.17,1.7,4.5,6.2,2.65,1.7,11.8,3.3,1.83,1.31,1.1,1.02,1.02,1.21,1.68,2.65,5.1,11.8,23/02/2023
2670410_1,2023-03-01 21:00:00,Liverpool,Wolverhampton,"Angleterre, Premier League",6.2,4.4,1.4,1.1,2.49,1.15,4.5,2.23,1.59,1.28,1.29,1.76,2.6,4.6,7.25,3.72,3.1,2.48,3.1,5.9,8.85,23.0,4.7,2.8,1.69,1.38,1.37,1.69,2.75,4.3,1.74,1.77,1.96,1.99,3.65,6.25,2.32,1.92,14.0,3.72,1.98,1.38,1.13,1.04,1.02,1.17,1.58,2.41,4.35,9.4,23/02/2023
2670864_1,2023-02-27 20:45:00,Amiens,Bordeaux,"France, Ligue 2 BKT®",2.37,3.18,2.75,1.46,1.36,1.29,3.95,2.16,1.74,1.48,2.02,3.58,5.8,14.0,3.78,2.06,1.64,1.4,1.86,3.18,5.15,12.0,3.62,2.4,1.57,1.37,1.74,2.28,4.65,7.85,1.74,1.66,2.78,3.12,2.62,2.82,3.05,2.19,8.35,2.65,1.51,1.16,1.04,1.01,1.04,1.3,1.94,3.12,7.9,21.5,23/02/2023
2672296_1,2023-02-25 16:00:00,Ross County,Dundee United,"Ecosse, Premiership",2.7,3.0,2.4,1.34,1.41,1.28,3.55,1.96,1.59,1.35,1.81,3.12,4.95,11.2,3.65,2.02,1.65,1.4,1.91,3.35,5.3,12.5,3.48,2.33,1.54,1.35,1.72,2.24,4.5,7.3,1.73,1.66,2.3,2.5,2.38,2.65,2.72,1.99,7.65,2.52,1.52,1.18,1.04,1.01,1.05,1.32,2.03,3.35,7.5,19.5,23/02/2023
2672297_1,2023-02-25 16:00:00,Aberdeen,Livingston,"Ecosse, Premiership",3.78,3.38,1.79,1.2,1.75,1.23,3.68,1.96,1.52,1.28,1.5,2.29,3.55,7.0,4.65,2.5,2.05,1.69,2.28,4.15,6.4,15.5,3.75,2.44,1.56,1.34,1.56,1.98,3.65,5.8,1.69,1.7,2.06,2.17,2.72,3.65,2.48,1.96,9.4,2.82,1.66,1.23,1.07,1.01,1.03,1.26,1.83,2.95,5.9,14.2,23/02/2023
2672298_1,2023-02-25 16:00:00,St Johnstone,St Mirren,"Ecosse, Premiership",2.39,2.95,2.75,1.41,1.33,1.29,3.52,1.98,1.63,1.39,1.95,3.5,5.6,13.5,3.4,1.91,1.55,1.34,1.83,3.18,5.1,11.8,3.4,2.28,1.53,1.34,1.75,2.3,4.7,7.75,1.77,1.63,2.43,2.62,2.33,2.42,2.82,1.97,7.25,2.46,1.49,1.16,1.04,1.01,1.06,1.35,2.09,3.48,8.05,21.5,23/02/2023
2672361_1,2023-02-25 15:00:00,Grenoble,Le Havre,"France, Ligue 2 BKT®",2.23,3.0,3.45,1.52,1.27,1.33,3.18,1.92,1.64,1.45,2.49,5.25,9.25,28.0,2.82,1.69,1.41,1.26,1.96,3.7,6.65,17.5,3.05,2.09,1.49,1.34,2.03,2.85,6.7,12.5,2.09,1.47,3.38,2.8,2.95,2.19,4.05,1.99,5.75,2.07,1.33,1.09,1.01,1.01,1.08,1.49,2.46,4.15,13.8,45.0,23/02/2023
2672492_1,2023-02-25 16:00:00,Kilmarnock,Motherwell,"Ecosse, Premiership",2.8,3.08,2.29,1.32,1.45,1.27,3.65,1.99,1.59,1.35,1.74,2.9,4.55,10.0,3.88,2.11,1.71,1.44,1.93,3.35,5.25,12.2,3.58,2.38,1.56,1.35,1.67,2.16,4.25,6.8,1.7,1.69,2.23,2.5,2.38,2.82,2.62,2.02,8.2,2.62,1.56,1.19,1.05,1.01,1.04,1.3,1.96,3.2,6.9,17.5,23/02/2023
2673211_1,2023-03-04 15:30:00,Augsbourg,Werder Breme,"Allemagne, Bundesliga",3.02,3.55,2.18,1.34,1.59,1.24,5.25,2.5,1.88,1.49,1.58,2.34,3.42,6.7,5.8,2.75,2.14,1.7,1.88,2.95,4.3,9.05,4.85,3.05,1.78,1.48,1.5,1.84,3.2,4.85,1.52,2.07,2.01,3.08,2.27,3.9,2.19,2.37,12.8,3.45,1.93,1.36,1.12,1.03,1.02,1.18,1.61,2.46,4.55,9.85,23/02/2023
2673212_1,2023-03-04 15:30:00,Union Berlin,Cologne,"Allemagne, Bundesliga",3.85,3.25,1.99,1.23,1.71,1.26,3.42,1.87,1.49,1.28,1.66,2.75,4.5,10.0,4.15,2.3,1.92,1.63,2.4,4.7,7.5,20.5,3.62,2.37,1.57,1.37,1.75,2.31,4.7,8.05,1.86,1.66,2.28,2.17,2.85,3.3,2.92,1.98,7.55,2.55,1.53,1.18,1.04,1.01,1.05,1.34,2.06,3.45,8.3,22.0,23/02/2023
2673216_1,2023-03-04 15:30:00,M'gladbach,Fribourg,"Allemagne, Bundesliga",2.8,3.48,2.35,1.39,1.51,1.24,5.4,2.55,1.94,1.53,1.64,2.45,3.58,7.1,5.65,2.68,2.07,1.63,1.78,2.75,4.0,8.25,4.9,3.08,1.79,1.5,1.51,1.85,3.2,4.85,1.51,2.1,2.04,3.28,2.17,3.68,2.19,2.41,12.8,3.48,1.93,1.37,1.12,1.03,1.02,1.18,1.61,2.44,4.5,9.75,23/02/2023
2673217_1,2023-03-03 20:30:00,Dortmund,RB Leipzig,"Allemagne, Bundesliga",2.85,3.6,2.28,1.38,1.54,1.23,5.85,2.7,2.01,1.57,1.58,2.29,3.28,6.25,6.25,2.88,2.2,1.71,1.77,2.65,3.78,7.6,5.3,3.28,1.86,1.53,1.46,1.76,2.95,4.35,1.46,2.2,1.97,3.4,2.14,4.0,2.08,2.5,14.5,3.82,2.05,1.43,1.15,1.04,1.02,1.15,1.53,2.28,4.0,8.3,23/02/2023
2673307_1,2023-03-05 20:45:00,AS Rome,Juventus,"Italie, Serie A",2.88,2.95,2.3,1.3,1.45,1.27,3.52,1.94,1.57,1.35,1.85,3.22,5.3,12.5,3.78,2.09,1.72,1.47,2.11,3.9,6.35,16.2,3.55,2.36,1.57,1.38,1.81,2.4,5.05,8.65,1.81,1.64,2.4,2.43,2.6,2.82,2.95,2.02,7.25,2.41,1.48,1.15,1.03,1.01,1.05,1.34,2.07,3.42,8.9,24.0,23/02/2023
2673310_1,2023-03-06 18:30:00,Sassuolo,Cremonese,"Italie, Serie A",4.2,3.42,1.69,1.16,1.88,1.2,4.0,2.06,1.56,1.29,1.46,2.19,3.38,6.65,5.4,2.82,2.32,1.9,2.52,4.65,7.1,18.2,4.2,2.62,1.64,1.39,1.55,1.97,3.55,5.75,1.7,1.75,2.06,2.19,2.95,4.35,2.52,2.03,10.0,2.92,1.71,1.26,1.08,1.02,1.03,1.22,1.74,2.75,5.75,13.5,23/02/2023
2673330_1,2023-03-05 15:00:00,Sampdoria,Salernitana,"Italie, Serie A",3.38,3.15,1.97,1.22,1.62,1.24,3.95,2.05,1.6,1.34,1.61,2.55,3.98,8.4,4.7,2.45,2.0,1.66,2.2,3.95,6.1,15.2,4.05,2.58,1.64,1.4,1.65,2.11,4.05,6.6,1.69,1.76,2.15,2.41,2.62,3.55,2.62,2.1,9.0,2.75,1.63,1.22,1.06,1.01,1.03,1.26,1.84,2.92,6.55,16.0,23/02/2023
2673331_1,2023-03-04 20:45:00,Fiorentina,Milan AC,"Italie, Serie A",2.41,3.05,2.65,1.41,1.35,1.26,4.55,2.3,1.83,1.51,1.85,3.08,4.7,10.5,4.4,2.24,1.76,1.46,1.76,2.88,4.4,9.65,4.2,2.72,1.68,1.44,1.65,2.09,3.98,6.35,1.62,1.85,2.29,3.12,2.21,2.92,2.52,2.22,9.4,2.85,1.66,1.24,1.07,1.01,1.03,1.24,1.79,2.82,6.15,14.5,23/02/2023
2673332_1,2023-03-04 15:00:00,Monza,Empoli,"Italie, Serie A",3.5,3.05,1.97,1.21,1.62,1.25,4.1,2.07,1.61,1.34,1.57,2.45,3.75,7.85,4.85,2.49,2.04,1.67,2.16,3.88,5.8,14.5,4.25,2.7,1.69,1.44,1.64,2.08,3.9,6.25,1.65,1.81,2.07,2.46,2.55,3.72,2.58,2.17,9.15,2.85,1.66,1.24,1.07,1.01,1.03,1.24,1.8,2.82,6.15,14.5,23/02/2023
2673334_1,2023-03-05 18:00:00,Inter Milan,Lecce,"Italie, Serie A",8.05,4.5,1.29,1.05,2.92,1.11,3.82,2.0,1.45,1.2,1.28,1.77,2.72,4.85,7.0,3.95,3.4,2.78,4.15,9.35,14.5,45.0,4.25,2.49,1.58,1.31,1.36,1.74,2.88,4.7,2.0,1.52,2.2,1.65,4.75,6.45,2.68,1.66,12.2,3.18,1.81,1.3,1.1,1.02,1.02,1.19,1.64,2.55,5.05,11.5,23/02/2023
2673339_1,2023-03-06 20:45:00,Torino,Bologne,"Italie, Serie A",3.22,2.95,2.11,1.24,1.54,1.27,3.28,1.85,1.49,1.3,1.79,3.1,5.2,12.2,3.75,2.12,1.77,1.53,2.3,4.5,7.4,20.0,3.45,2.29,1.55,1.36,1.83,2.46,5.25,9.15,1.87,1.6,2.4,2.22,2.8,2.92,3.08,1.97,6.9,2.34,1.45,1.14,1.03,1.01,1.06,1.36,2.13,3.52,9.55,26.5,23/02/2023
2673341_1,2023-03-04 18:00:00,Atalanta,Udinese,"Italie, Serie A",4.5,3.68,1.6,1.14,2.01,1.18,4.4,2.2,1.61,1.31,1.39,1.98,2.98,5.5,6.25,3.15,2.58,2.07,2.58,4.65,6.9,17.0,4.55,2.8,1.69,1.41,1.46,1.82,3.12,4.9,1.65,1.81,1.97,2.22,3.02,5.0,2.34,2.06,12.0,3.28,1.83,1.32,1.1,1.02,1.02,1.18,1.63,2.49,4.85,10.8,23/02/2023
2673342_1,2023-03-05 12:30:00,Spezia,Hellas Verone,"Italie, Serie A",2.52,2.95,2.62,1.38,1.36,1.27,3.98,2.12,1.71,1.44,1.9,3.3,5.2,12.5,3.95,2.09,1.69,1.42,1.86,3.22,5.1,12.0,3.85,2.52,1.63,1.41,1.75,2.27,4.55,7.55,1.71,1.74,2.37,2.82,2.34,2.75,2.75,2.12,8.0,2.6,1.55,1.19,1.05,1.01,1.04,1.29,1.94,3.12,7.5,19.0,23/02/2023
2673346_1,2023-02-25 19:00:00,Metz,Nimes,"France, Ligue 2 BKT®",5.0,3.5,1.68,1.15,1.97,1.24,3.45,1.87,1.44,1.23,1.49,2.32,3.75,7.65,4.85,2.68,2.25,1.89,2.82,5.8,9.1,26.0,3.8,2.41,1.57,1.35,1.62,2.12,4.05,6.85,1.82,1.58,2.39,2.1,3.62,4.55,3.12,2.04,8.6,2.8,1.55,1.19,1.05,1.01,1.04,1.27,1.86,2.95,7.15,18.8,23/02/2023
2673349_1,2023-02-25 19:00:00,Sochaux,Annecy,"France, Ligue 2 BKT®",5.5,3.72,1.59,1.13,2.12,1.22,3.75,1.96,1.47,1.24,1.41,2.1,3.28,6.35,5.5,2.95,2.48,2.05,2.9,5.9,9.0,25.0,4.1,2.52,1.61,1.36,1.53,1.97,3.55,5.85,1.77,1.62,2.28,2.1,3.75,5.25,2.92,2.05,9.75,3.1,1.65,1.23,1.06,1.01,1.03,1.22,1.74,2.72,6.05,15.0,23/02/2023
2673350_1,2023-02-25 19:00:00,Paris FC,Niort,"France, Ligue 2 BKT®",4.2,3.35,1.84,1.2,1.8,1.27,3.35,1.84,1.45,1.25,1.6,2.6,4.3,9.35,4.35,2.43,2.03,1.73,2.62,5.3,8.55,24.0,3.58,2.32,1.54,1.34,1.71,2.27,4.55,7.85,1.84,1.57,2.5,2.19,3.42,3.92,3.22,2.05,8.0,2.6,1.49,1.16,1.04,1.01,1.04,1.31,1.96,3.18,8.25,22.5,23/02/2023
2673351_1,2023-02-25 19:00:00,Guingamp,Caen,"France, Ligue 2 BKT®",2.55,3.08,2.75,1.42,1.37,1.31,3.62,2.02,1.65,1.43,2.04,3.72,6.15,15.5,3.52,1.97,1.6,1.38,1.95,3.48,5.8,14.2,3.48,2.32,1.55,1.37,1.83,2.44,5.2,9.0,1.8,1.6,2.8,2.9,2.72,2.75,3.3,2.15,7.35,2.45,1.44,1.14,1.03,1.01,1.05,1.34,2.06,3.32,9.25,26.5,23/02/2023
2673354_1,2023-02-25 19:00:00,Saint-Etienne,Pau,"France, Ligue 2 BKT®",5.55,3.58,1.61,1.13,2.08,1.23,3.68,1.92,1.46,1.23,1.42,2.13,3.32,6.55,5.35,2.85,2.43,2.0,2.88,5.9,8.9,25.5,4.1,2.55,1.62,1.37,1.55,2.01,3.65,6.0,1.78,1.62,2.28,2.1,3.68,5.15,3.0,2.07,9.25,3.05,1.63,1.23,1.06,1.01,1.03,1.23,1.77,2.75,6.2,15.5,23/02/2023
2673356_1,2023-02-25 19:00:00,Valenciennes,Dijon,"France, Ligue 2 BKT®",2.75,2.98,2.62,1.37,1.4,1.33,3.28,1.88,1.56,1.36,2.03,3.8,6.45,16.8,3.32,1.91,1.59,1.39,2.08,3.95,6.7,17.5,3.32,2.24,1.53,1.36,1.92,2.62,5.8,10.5,1.88,1.54,2.85,2.62,2.9,2.7,3.58,2.11,6.55,2.28,1.38,1.11,1.02,1.01,1.06,1.39,2.19,3.55,11.0,30.0,23/02/2023
2673357_1,2023-02-25 19:00:00,Laval,US Quevilly,"France, Ligue 2 BKT®",2.68,2.95,2.72,1.38,1.38,1.33,3.42,1.93,1.59,1.38,2.01,3.75,6.2,16.0,3.42,1.93,1.59,1.38,2.0,3.72,6.2,15.8,3.45,2.31,1.56,1.38,1.89,2.55,5.55,9.7,1.83,1.58,2.78,2.75,2.78,2.75,3.45,2.16,6.75,2.37,1.41,1.12,1.02,1.01,1.06,1.36,2.13,3.45,10.0,29.0,23/02/2023
2673358_1,2023-02-25 19:00:00,Rodez Aveyron,Bastia,"France, Ligue 2 BKT®",2.58,3.0,2.78,1.41,1.36,1.32,3.22,1.89,1.57,1.39,2.17,4.2,7.3,19.8,3.15,1.84,1.53,1.35,2.07,3.92,6.85,18.0,3.15,2.15,1.5,1.34,1.96,2.7,6.15,11.2,1.94,1.5,3.05,2.65,2.95,2.52,3.72,2.05,6.35,2.19,1.35,1.1,1.02,1.01,1.07,1.42,2.27,3.72,12.0,35.0,23/02/2023
2673541_1,2023-02-25 13:30:00,Coventry City,Sunderland,"Angleterre, Championship",3.0,3.08,2.11,1.27,1.52,1.24,3.6,1.96,1.56,1.32,1.68,2.72,4.3,9.2,4.0,2.19,1.78,1.5,2.02,3.58,5.6,13.2,3.6,2.38,1.55,1.35,1.65,2.13,4.15,6.65,1.73,1.72,2.18,2.38,2.47,3.0,2.6,2.0,8.35,2.52,1.54,1.18,1.04,1.01,1.04,1.27,1.88,3.0,6.75,17.0,23/02/2023
2673615_1,2023-02-24 20:30:00,Frosinone,Parme,"Italie, Serie B",3.72,3.08,1.9,1.19,1.66,1.24,3.32,1.83,1.46,1.25,1.58,2.55,4.05,8.5,4.05,2.25,1.87,1.58,2.28,4.35,6.75,17.5,3.55,2.33,1.54,1.34,1.67,2.18,4.25,6.9,1.76,1.63,2.15,2.11,2.7,3.25,2.75,1.94,7.75,2.4,1.49,1.16,1.04,1.01,1.04,1.28,1.9,2.95,7.2,18.5,23/02/2023
2673616_1,2023-02-24 20:30:00,Pise,Perouse,"Italie, Serie B",3.3,3.1,2.03,1.24,1.57,1.24,3.32,1.86,1.48,1.28,1.67,2.75,4.4,9.6,3.85,2.16,1.78,1.51,2.18,4.05,6.45,16.2,3.42,2.28,1.52,1.33,1.7,2.22,4.45,7.3,1.77,1.62,2.23,2.19,2.62,3.0,2.75,1.93,7.65,2.34,1.47,1.15,1.03,1.01,1.04,1.29,1.93,3.05,7.6,20.0,23/02/2023
2673746_1,2023-02-26 14:00:00,Randers,Lyngby,"Danemark, SuperLiga",3.55,3.55,1.77,1.23,1.82,1.19,4.65,2.3,1.71,1.37,1.42,2.01,2.9,5.3,5.8,2.88,2.29,1.82,2.07,3.4,4.95,10.8,4.5,2.85,1.7,1.42,1.43,1.74,2.92,4.35,1.55,1.98,1.87,2.52,2.47,4.35,2.11,2.17,13.0,3.4,1.92,1.36,1.12,1.03,1.02,1.17,1.59,2.41,4.15,8.9,23/02/2023
2673872_1,2023-03-04 17:00:00,A. Lustenau,Sturm Graz,"Autriche, Bundesliga",1.51,3.52,4.2,2.0,1.13,1.17,6.05,3.1,2.52,2.0,2.41,4.25,6.25,14.5,4.3,2.18,1.6,1.3,1.34,1.86,2.72,4.85,4.4,2.75,1.67,1.38,1.4,1.72,2.85,4.3,1.57,1.78,2.85,4.9,1.87,2.18,2.19,2.02,12.8,3.28,1.85,1.33,1.11,1.03,1.02,1.16,1.56,2.34,4.2,9.15,23/02/2023
2673956_1,2023-02-26 18:00:00,Aarhus GF,Silkeborg,"Danemark, SuperLiga",2.98,3.08,2.13,1.31,1.55,1.24,3.72,2.0,1.58,1.33,1.66,2.68,4.15,8.9,4.1,2.21,1.79,1.5,1.98,3.48,5.35,12.5,3.68,2.43,1.57,1.36,1.64,2.11,4.05,6.45,1.71,1.77,2.15,2.44,2.41,3.05,2.55,2.03,8.55,2.7,1.6,1.21,1.06,1.01,1.04,1.28,1.91,3.08,6.45,16.0,23/02/2023
2673959_1,2023-02-26 14:00:00,AC Horsens,Viborg FF,"Danemark, SuperLiga",1.84,3.45,3.35,1.74,1.25,1.2,5.1,2.65,2.11,1.71,2.08,3.5,5.2,11.8,4.2,2.17,1.64,1.35,1.49,2.2,3.28,6.25,4.1,2.65,1.63,1.38,1.49,1.85,3.25,5.0,1.62,1.88,2.49,3.82,1.98,2.45,2.25,2.09,11.2,3.1,1.79,1.29,1.09,1.02,1.02,1.21,1.69,2.65,4.85,11.0,23/02/2023
2673960_1,2023-02-27 19:00:00,FC Midtjylland,Brondby,"Danemark, SuperLiga",3.35,3.32,1.89,1.25,1.71,1.21,4.65,2.29,1.72,1.38,1.45,2.1,3.02,5.65,5.55,2.72,2.17,1.72,1.95,3.18,4.6,9.9,4.55,2.9,1.72,1.44,1.46,1.79,3.02,4.55,1.5,1.95,1.88,2.65,2.33,4.05,2.15,2.23,12.2,3.35,1.89,1.35,1.12,1.03,1.02,1.17,1.61,2.44,4.25,9.15,23/02/2023
2679067_1,2023-03-05 14:00:00,Viborg FF,Randers,"Danemark, SuperLiga",3.72,3.3,1.64,1.18,1.85,1.2,4.35,2.19,1.63,1.32,1.39,1.98,2.88,5.3,5.7,2.85,2.32,1.84,2.18,3.75,5.45,12.5,4.4,2.78,1.69,1.41,1.44,1.78,3.0,4.55,1.55,1.87,1.87,2.35,2.58,4.45,2.2,2.11,12.0,3.22,1.82,1.32,1.1,1.02,1.02,1.17,1.59,2.38,4.35,9.5,23/02/2023
2679068_1,2023-03-05 14:00:00,Silkeborg,FC Nordsjaelland,"Danemark, SuperLiga",2.1,3.05,2.68,1.49,1.33,1.23,5.25,2.55,2.0,1.59,1.74,2.72,3.88,8.0,4.9,2.39,1.83,1.46,1.56,2.32,3.32,6.45,4.65,2.95,1.75,1.46,1.49,1.82,3.1,4.6,1.47,2.01,2.1,3.58,1.94,3.02,2.14,2.32,12.2,3.3,1.84,1.33,1.11,1.03,1.02,1.16,1.57,2.33,4.25,9.05,23/02/2023
2679074_1,2023-03-06 19:00:00,AaB,FC Midtjylland,"Danemark, SuperLiga",2.06,3.08,2.72,1.42,1.28,1.23,,,,,,,,,,,,,,,,,,,,,,,,,,,,,,,,,,,,,,,,,,,,,23/02/2023
2679077_1,2023-03-03 19:00:00,Aarhus GF,AC Horsens,"Danemark, SuperLiga",3.8,3.32,1.63,1.17,1.88,1.19,3.78,2.0,1.52,1.27,1.45,2.15,3.3,6.3,5.0,2.68,2.18,1.79,2.37,4.35,6.6,16.2,3.85,2.48,1.57,1.34,1.51,1.91,3.42,5.4,1.68,1.71,2.02,2.13,2.82,3.98,2.41,1.95,10.0,2.78,1.67,1.24,1.07,1.01,1.02,1.22,1.72,2.7,5.45,13.0,23/02/2023
2632150_1,2023-02-26 16:30:00,FC Lugano,FC Bale,"Suisse, Super League",2.37,3.25,2.55,1.43,1.39,1.27,5.05,2.47,1.92,1.53,1.68,2.58,3.72,7.5,4.95,2.43,1.88,1.5,1.64,2.48,3.58,7.15,4.5,2.9,1.72,1.44,1.49,1.82,3.15,4.7,1.5,2.02,2.06,3.3,2.02,3.18,2.15,2.29,12.0,3.3,1.87,1.34,1.11,1.03,1.02,1.18,1.62,2.47,4.35,9.45,23/02/2023
2632525_1,2023-02-24 19:00:00,CD Trofense,FC Penafiel,"Portugal, Segunda Liga",2.19,2.98,2.98,1.49,1.28,1.28,3.78,2.09,1.72,1.46,2.03,3.68,5.75,14.0,3.45,1.91,1.53,1.31,1.72,2.88,4.55,10.2,3.5,2.33,1.54,1.35,1.71,2.23,4.45,7.25,1.78,1.7,2.48,2.85,2.23,2.34,2.72,1.98,7.65,2.65,1.56,1.19,1.05,1.01,1.06,1.35,2.09,3.55,7.45,19.2,23/02/2023
2633157_1,2023-02-25 16:30:00,UD Oliveirense,Moreirense FC,"Portugal, Segunda Liga",1.87,3.38,3.25,1.64,1.24,1.21,4.8,2.5,2.01,1.64,2.06,3.5,5.3,12.0,4.05,2.11,1.62,1.34,1.54,2.33,3.52,7.0,3.95,2.55,1.6,1.37,1.53,1.92,3.48,5.4,1.64,1.82,2.48,3.55,2.04,2.44,2.33,2.06,10.5,2.92,1.71,1.26,1.08,1.02,1.03,1.22,1.74,2.75,5.3,12.5,23/02/2023
2633167_1,2023-02-25 15:00:00,Leixoes SC,Benfica B,"Portugal, Segunda Liga",3.1,3.3,1.94,1.26,1.58,1.22,4.6,2.28,1.73,1.4,1.51,2.22,3.22,6.2,5.25,2.62,2.07,1.65,1.89,3.05,4.45,9.5,4.4,2.82,1.7,1.43,1.48,1.82,3.15,4.7,1.53,1.97,1.93,2.72,2.27,3.78,2.18,2.22,11.8,3.2,1.83,1.32,1.1,1.02,1.02,1.18,1.63,2.47,4.45,9.75,23/02/2023
2633171_1,2023-02-25 12:00:00,SCU Torreense,Academico de Viseu,"Portugal, Segunda Liga",2.27,3.05,2.7,1.42,1.34,1.25,3.68,2.04,1.66,1.41,1.93,3.4,5.4,12.8,3.55,1.97,1.58,1.35,1.81,3.08,4.9,11.2,3.45,2.31,1.53,1.34,1.71,2.22,4.45,7.25,1.77,1.68,2.41,2.68,2.31,2.48,2.7,1.98,7.8,2.49,1.52,1.17,1.04,1.01,1.05,1.32,2.0,3.28,7.45,19.5,23/02/2023
2633637_1,2023-02-26 16:30:00,Estrela Amadora,CD Tondela,"Portugal, Segunda Liga",3.15,3.22,1.88,1.24,1.57,1.22,3.8,2.03,1.58,1.32,1.59,2.48,3.82,7.8,4.4,2.36,1.91,1.58,2.07,3.62,5.55,13.0,3.75,2.45,1.57,1.35,1.58,2.02,3.78,5.95,1.66,1.73,2.1,2.38,2.5,3.32,2.46,2.02,9.35,2.6,1.58,1.2,1.05,1.01,1.03,1.23,1.76,2.72,5.95,14.5,23/02/2023
2633638_1,2023-02-26 12:00:00,CD Mafra,CD Feirense,"Portugal, Segunda Liga",2.82,3.08,2.09,1.3,1.46,1.24,3.95,2.08,1.64,1.37,1.67,2.68,4.1,8.6,4.25,2.24,1.8,1.49,1.89,3.22,4.9,11.0,3.82,2.52,1.6,1.38,1.61,2.05,3.85,6.05,1.63,1.77,2.13,2.6,2.32,3.05,2.46,2.08,9.15,2.62,1.58,1.2,1.05,1.01,1.03,1.23,1.76,2.7,5.95,14.5,23/02/2023
2633639_1,2023-02-26 15:00:00,B-SAD Lisbon,CD Nacional,"Portugal, Segunda Liga",2.95,3.12,2.0,1.28,1.5,1.24,3.75,2.02,1.59,1.34,1.66,2.65,4.15,8.7,4.15,2.24,1.81,1.51,1.99,3.45,5.35,12.5,3.68,2.43,1.57,1.36,1.62,2.08,3.95,6.3,1.67,1.72,2.15,2.45,2.43,3.08,2.52,2.03,8.85,2.52,1.55,1.19,1.05,1.01,1.03,1.24,1.8,2.8,6.3,15.8,23/02/2023
2633642_1,2023-02-26 12:00:00,UD Vilafranquense,FC Porto B,"Portugal, Segunda Liga",2.65,2.98,2.24,1.33,1.4,1.26,3.75,2.02,1.63,1.37,1.77,2.98,4.6,10.2,3.85,2.08,1.69,1.42,1.86,3.2,4.95,11.5,3.65,2.42,1.57,1.36,1.67,2.16,4.2,6.7,1.68,1.71,2.23,2.6,2.31,2.78,2.6,2.04,8.2,2.46,1.52,1.17,1.04,1.01,1.03,1.26,1.85,2.88,6.75,17.0,23/02/2023
2633644_1,2023-02-26 15:00:00,SC Covilha,Farense,"Portugal, Segunda Liga",1.85,3.12,3.32,1.59,1.22,1.23,4.15,2.28,1.87,1.57,2.17,3.95,6.15,15.2,3.52,1.92,1.51,1.29,1.6,2.55,4.05,8.4,3.58,2.36,1.54,1.34,1.64,2.11,4.05,6.55,1.72,1.67,2.6,3.22,2.15,2.23,2.6,1.96,8.4,2.46,1.52,1.17,1.04,1.01,1.03,1.26,1.84,2.88,6.7,17.0,23/02/2023
2633672_1,2023-02-25 20:30:00,FC Zurich,Young Boys Berne,"Suisse, Super League",2.05,3.4,2.95,1.58,1.31,1.25,5.65,2.72,2.13,1.67,1.81,2.8,4.0,8.2,5.05,2.44,1.83,1.45,1.5,2.17,3.1,5.8,4.7,2.98,1.75,1.46,1.44,1.75,2.92,4.3,1.48,2.07,2.18,3.88,1.9,2.95,2.07,2.31,13.2,3.48,1.95,1.38,1.13,1.03,1.02,1.16,1.57,2.35,4.0,8.4,23/02/2023
2634137_1,2023-02-27 22:15:00,Vitoria SC Guimaraes,Sporting Braga,"Portugal, Primeira Liga",1.93,3.45,3.65,1.71,1.22,1.24,4.9,2.58,2.09,1.73,2.28,4.1,6.35,15.5,4.0,2.08,1.59,1.33,1.57,2.44,3.82,7.85,4.05,2.58,1.62,1.39,1.61,2.06,3.88,6.3,1.66,1.73,3.0,4.15,2.31,2.58,2.8,2.24,9.85,3.02,1.63,1.22,1.06,1.01,1.03,1.23,1.77,2.78,6.3,16.0,23/02/2023
2634138_1,2023-02-27 20:00:00,Sporting Lisbonne,Estoril Praia,"Portugal, Primeira Liga",11.5,6.3,,1.04,3.8,1.08,4.65,2.35,1.6,1.26,1.17,1.5,2.14,3.45,9.75,5.35,4.65,3.72,4.65,10.2,15.5,45.0,5.05,2.88,1.72,1.36,1.22,1.49,2.23,3.4,1.88,1.54,2.25,1.77,6.5,11.2,2.62,1.77,18.8,4.7,2.12,1.45,1.17,1.05,1.01,1.11,1.41,2.03,3.52,7.4,23/02/2023
2634223_1,2023-02-26 16:30:00,Servette FC,FC Winterthour,"Suisse, Super League",3.98,3.5,1.71,1.19,1.86,1.23,4.1,2.11,1.59,1.3,1.41,2.05,3.05,5.65,5.4,2.78,2.25,1.81,2.24,3.95,5.8,13.5,4.2,2.65,1.64,1.38,1.47,1.83,3.15,4.85,1.62,1.84,1.92,2.27,2.65,4.25,2.28,2.05,11.2,3.15,1.8,1.31,1.1,1.02,1.02,1.2,1.68,2.6,4.75,10.8,23/02/2023
2652892_1,2023-02-26 16:45:00,FC Voluntari,Universitatea Craiova,"Roumanie, Liga 1",1.95,3.05,3.38,1.62,,1.27,3.6,2.1,1.75,1.5,2.34,4.6,7.5,20.0,3.05,1.76,1.42,1.24,1.71,2.9,4.8,10.8,3.18,2.15,1.47,1.3,1.76,2.35,4.9,8.3,1.92,1.57,2.82,2.88,2.34,2.04,2.95,1.85,7.0,2.31,1.44,1.13,1.03,1.01,1.06,1.37,2.15,3.58,9.0,25.0,23/02/2023
2652893_1,2023-02-25 13:30:00,ACS Sepsi OSK Sfantu Gheorghe,FC Hermannstadt,"Roumanie, Liga 1",4.35,3.22,,1.16,1.88,1.23,3.12,1.76,1.39,1.2,1.52,2.39,3.88,7.9,4.2,2.4,2.02,1.7,2.65,5.4,8.5,23.5,3.42,2.23,1.5,1.3,1.63,2.15,4.15,6.9,1.9,1.58,2.19,1.89,3.08,3.52,2.82,1.82,7.7,2.5,1.52,1.17,1.04,1.01,1.05,1.32,1.99,3.28,7.4,19.5,23/02/2023
2652895_1,2023-02-24 17:00:00,FC U Craiova 1948,CS Mioveni,"Roumanie, Liga 1",4.7,3.12,1.65,1.14,1.91,1.24,2.92,1.68,1.34,1.18,1.53,2.47,4.05,8.5,4.0,2.33,1.99,1.69,2.8,6.1,9.65,28.5,3.3,2.16,1.48,1.29,1.68,2.26,4.45,7.6,2.01,1.53,2.26,1.78,3.22,3.42,3.02,1.77,6.9,2.38,1.46,1.15,1.03,1.01,1.06,1.35,2.1,3.45,8.35,22.5,23/02/2023
2652896_1,2023-02-24 19:30:00,UTA Arad,Farul Constanta,"Roumanie, Liga 1",2.17,3.0,2.9,1.5,1.3,1.27,3.48,2.01,1.66,1.43,2.12,3.95,6.45,16.2,3.2,1.83,1.49,1.3,1.81,3.12,5.15,12.0,3.22,2.17,1.48,1.31,1.77,2.36,4.9,8.3,1.89,1.61,2.62,2.65,2.38,2.23,2.9,1.89,7.05,2.32,1.45,1.14,1.03,1.01,1.06,1.37,2.13,3.55,8.85,24.5,23/02/2023
2652899_1,2023-02-25 16:00:00,FC Universitatea Cluj,FC Botosani,"Roumanie, Liga 1",3.75,3.05,1.83,1.2,1.71,1.26,3.05,1.75,1.4,1.22,1.63,2.68,4.4,9.55,3.8,2.19,1.84,1.57,2.44,4.9,7.85,21.5,3.28,2.19,1.49,1.31,1.72,2.29,4.6,7.8,1.91,1.57,2.27,1.97,2.9,3.1,2.92,1.85,7.15,2.38,1.46,1.15,1.03,1.01,1.05,1.35,2.09,3.48,8.4,23.0,23/02/2023
2652902_1,2023-02-26 19:30:00,FC Arges Pitesti,FCSB,"Roumanie, Liga 1",1.53,3.52,4.9,2.1,1.13,1.2,4.85,2.72,2.28,1.89,2.8,5.7,8.85,24.0,3.35,1.84,1.41,1.2,1.42,2.12,3.35,6.4,3.62,2.31,1.51,1.3,1.52,1.96,3.55,5.8,1.86,1.6,3.28,4.15,2.11,1.85,2.62,1.8,9.0,2.7,1.62,1.21,1.06,1.01,1.03,1.26,1.84,2.98,6.15,15.2,23/02/2023
2652904_1,2023-02-27 19:00:00,FC Petrolul Ploiesti,CFR Cluj,"Roumanie, Liga 1",1.67,3.22,4.35,1.88,1.16,1.24,3.68,2.24,1.9,1.64,2.95,6.5,11.0,35.0,2.72,1.62,1.31,1.17,1.63,2.72,4.7,10.2,2.98,2.0,1.41,1.26,1.75,2.41,5.0,8.9,2.13,1.45,3.42,3.1,2.45,1.73,3.22,1.69,6.55,2.19,1.4,1.11,1.02,1.01,1.06,1.42,2.26,3.82,10.2,30.0,23/02/2023
2652906_1,2023-02-25 19:00:00,Rapid Bucarest,Chindia Targoviste,"Roumanie, Liga 1",4.1,3.25,1.69,1.17,1.85,1.23,3.22,1.8,1.41,1.22,1.53,2.4,3.85,7.9,4.25,2.41,2.01,1.69,2.55,5.1,8.05,21.5,3.45,2.25,1.5,1.3,1.62,2.13,4.1,6.75,1.87,1.6,2.18,1.94,3.0,3.5,2.75,1.84,8.0,2.52,1.53,1.18,1.04,1.01,1.04,1.31,1.97,3.22,7.2,18.8,23/02/2023
2653480_1,2023-02-26 14:00:00,Umraniyespor,Adana Demirspor,"Turquie, Süper Lig",1.96,3.52,2.9,1.59,1.29,1.2,7.2,3.22,2.45,1.84,1.72,2.49,3.4,6.35,6.35,2.88,2.08,1.57,1.42,1.91,2.6,4.45,5.7,3.55,1.93,1.56,1.35,1.58,2.42,3.4,1.35,2.28,2.06,4.65,1.76,3.38,1.83,2.58,19.5,4.45,2.16,1.5,1.18,1.06,1.01,1.09,1.36,1.88,3.02,5.75,23/02/2023
2653481_1,2023-02-25 17:00:00,Giresunspor,Kayserispor,"Turquie, Süper Lig",2.55,3.18,2.4,1.39,1.41,1.26,4.4,2.26,1.78,1.45,1.71,2.72,4.05,8.45,4.45,2.28,1.79,1.47,1.73,2.75,4.1,8.65,4.1,2.68,1.65,1.4,1.56,1.95,3.52,5.4,1.56,1.86,2.12,2.95,2.14,3.02,2.32,2.17,10.5,2.85,1.69,1.25,1.07,1.01,1.02,1.21,1.7,2.62,5.2,12.0,23/02/2023
2653482_1,2023-02-25 17:00:00,Fenerbahce,Konyaspor,"Turquie, Süper Lig",5.6,4.2,1.42,1.11,2.38,1.15,4.45,2.24,1.61,1.29,1.26,1.69,2.41,4.1,6.9,3.55,2.92,2.3,2.7,4.9,7.15,17.2,4.65,2.82,1.69,1.38,1.33,1.61,2.55,3.82,1.61,1.79,1.83,2.04,3.2,5.95,2.13,1.95,14.8,3.6,1.97,1.38,1.13,1.03,1.01,1.13,1.49,2.19,3.75,7.8,23/02/2023
2659082_1,2023-02-25 19:00:00,Maccabi Haifa,Beitar Jerusalem,"Israël, Premier League",6.85,4.3,1.3,1.07,2.5,1.13,4.05,2.09,1.5,1.23,1.28,1.76,2.68,4.7,7.15,3.85,3.28,2.65,3.68,7.7,11.8,35.0,4.4,2.62,1.62,1.33,1.36,1.72,2.82,4.55,1.87,1.6,2.09,1.77,4.3,6.4,2.52,1.76,12.5,3.65,1.83,1.31,1.1,1.02,1.02,1.17,1.58,2.4,4.55,11.0,23/02/2023
2662518_1,2023-02-25 19:30:00,Olympiakos,Panathinaikos,"Grèce, Super League",3.88,3.15,1.83,1.19,1.74,1.25,2.85,1.68,1.36,1.2,1.68,2.82,4.8,10.8,3.6,2.15,1.81,1.56,2.62,5.45,9.1,26.0,3.05,2.06,1.44,1.28,1.77,2.4,5.0,8.75,2.03,1.5,2.4,1.86,3.12,2.98,3.1,1.76,6.85,2.23,1.41,1.12,1.02,1.01,1.06,1.41,2.22,3.75,9.8,28.5,23/02/2023
2662572_1,2023-02-24 19:00:00,Volos NPS,Lamia FC,"Grèce, Super League",4.15,3.52,1.69,1.18,1.88,1.23,3.55,1.93,1.48,1.25,1.47,2.22,3.48,6.75,4.75,2.58,2.13,1.76,2.45,4.6,7.1,18.0,3.68,2.38,1.54,1.32,1.54,1.97,3.62,5.8,1.8,1.71,2.08,2.05,2.9,3.82,2.52,1.9,9.7,2.85,1.66,1.23,1.07,1.01,1.03,1.27,1.86,3.02,5.95,14.5,23/02/2023
2662573_1,2023-02-25 16:30:00,AEK Athenes,Ast. Tripolis,"Grèce, Super League",16.5,5.75,1.13,1.02,4.6,1.06,3.28,1.86,1.35,1.13,1.18,1.58,2.36,3.85,7.55,5.05,4.55,3.75,6.9,22.5,35.0,150.0,3.85,2.22,1.47,1.21,1.23,1.58,2.44,3.85,2.65,1.28,2.58,1.29,7.75,7.6,3.1,1.33,11.8,3.2,1.86,1.32,1.11,1.02,1.02,1.18,1.61,2.47,4.4,9.8,23/02/2023
2662576_1,2023-02-25 18:00:00,PAS Giannina,PAOK,"Grèce, Super League",1.44,3.72,6.45,2.37,1.09,1.18,4.95,2.88,2.47,2.05,3.32,7.55,11.8,35.0,3.12,1.75,1.35,1.16,1.37,2.04,3.25,6.1,3.55,2.23,1.49,1.27,1.49,1.96,3.5,5.8,2.02,1.51,3.8,4.45,2.19,1.65,2.82,1.68,8.7,2.65,1.59,1.2,1.05,1.01,1.04,1.27,1.88,3.02,6.4,16.0,23/02/2023
2662583_1,2023-02-26 15:00:00,Levadiakos,Panaitolikos Agrinio,"Grèce, Super League",3.08,2.98,2.17,1.28,1.51,1.28,3.18,1.81,1.47,1.28,1.77,3.05,5.0,11.5,3.52,2.01,1.67,1.44,2.14,4.05,6.55,16.8,3.28,2.2,1.5,1.32,1.78,2.36,4.9,8.25,1.83,1.58,2.34,2.2,2.62,2.72,2.92,1.91,7.15,2.34,1.45,1.14,1.03,1.01,1.06,1.36,2.13,3.55,8.75,24.0,23/02/2023
2662584_1,2023-02-26 18:30:00,Aris,Atromitos Athenes,"Grèce, Super League",6.8,3.55,1.45,1.08,2.34,1.19,2.98,1.69,1.32,1.15,1.39,2.1,3.38,6.5,4.7,2.78,2.39,2.0,3.4,8.1,12.5,40.0,3.5,2.19,1.48,1.27,1.53,2.03,3.68,6.2,2.03,1.46,2.24,1.61,3.82,4.25,2.98,1.66,7.9,2.58,1.55,1.19,1.05,1.01,1.04,1.3,1.95,3.15,6.9,17.8,23/02/2023
2662621_1,2023-02-25 18:15:00,KAS Eupen,Cercle Bruges,"Belgique, Pro League",2.02,3.38,3.12,1.59,1.27,1.24,5.05,2.55,2.03,1.64,1.93,3.15,4.65,10.0,4.4,2.23,1.7,1.38,1.53,2.28,3.35,6.5,4.25,2.72,1.66,1.4,1.5,1.86,3.25,4.95,1.54,1.88,2.32,3.65,1.97,2.65,2.22,2.17,11.5,3.02,1.76,1.29,1.09,1.02,1.02,1.18,1.63,2.49,4.75,10.5,23/02/2023
2662623_1,2023-02-24 20:45:00,Zulte Waregem,KV Courtrai,"Belgique, Pro League",3.05,3.48,2.06,1.31,1.6,1.23,4.95,2.41,1.81,1.44,1.5,2.18,3.12,5.85,5.55,2.7,2.12,1.67,1.83,2.85,4.1,8.45,4.6,2.95,1.74,1.45,1.45,1.76,2.98,4.4,1.51,2.09,1.91,2.88,2.2,3.85,2.09,2.28,13.0,3.5,1.95,1.38,1.13,1.03,1.02,1.17,1.59,2.42,4.1,8.7,23/02/2023
2662660_1,2023-02-26 13:30:00,Club Bruges,La Gantoise,"Belgique, Pro League",2.98,3.38,1.97,1.28,1.57,1.23,4.4,2.23,1.7,1.39,1.56,2.34,3.48,6.8,4.95,2.52,2.0,1.62,1.92,3.15,4.65,10.0,4.15,2.68,1.64,1.39,1.5,1.87,3.3,5.05,1.55,1.86,2.01,2.65,2.33,3.55,2.23,2.14,11.2,2.95,1.71,1.26,1.08,1.02,1.02,1.18,1.62,2.46,4.85,11.0,23/02/2023
2662661_1,2023-02-25 20:45:00,KVC Westerlo,Union Saint-Gilloise,"Belgique, Pro League",1.91,3.45,3.35,1.66,1.24,1.23,5.2,2.65,2.11,1.69,2.01,3.35,4.9,10.8,4.35,2.21,1.67,1.36,1.49,2.19,3.25,6.15,4.25,2.72,1.66,1.4,1.48,1.84,3.2,4.85,1.55,1.87,2.41,3.85,1.95,2.55,2.22,2.14,11.5,3.05,1.77,1.29,1.09,1.02,1.02,1.18,1.63,2.47,4.7,10.5,23/02/2023
2662663_1,2023-02-26 16:00:00,Louvain,Royal Antwerp,"Belgique, Pro League",1.9,3.32,3.18,1.62,1.25,1.23,5.15,2.6,2.08,1.67,1.96,3.22,4.75,10.2,4.4,2.23,1.69,1.37,1.5,2.22,3.25,6.25,4.3,2.75,1.67,1.41,1.49,1.84,3.2,4.85,1.54,1.89,2.35,3.78,1.95,2.6,2.21,2.17,11.5,3.08,1.74,1.28,1.08,1.02,1.02,1.17,1.6,2.39,4.65,10.2,23/02/2023
2662665_1,2023-02-26 19:15:00,SC Charleroi,Saint-Trond,"Belgique, Pro League",3.15,3.22,1.95,1.25,1.59,1.25,3.68,1.99,1.56,1.31,1.62,2.55,4.0,8.3,4.25,2.31,1.87,1.56,2.1,3.7,5.75,13.5,3.65,2.39,1.55,1.34,1.61,2.06,3.92,6.25,1.69,1.7,2.14,2.33,2.55,3.22,2.52,1.99,9.0,2.52,1.55,1.18,1.05,1.01,1.03,1.25,1.8,2.8,6.35,15.8,23/02/2023
2662666_1,2023-02-26 18:30:00,Anderlecht,Standard Liege,"Belgique, Pro League",3.65,3.4,1.75,1.2,1.75,1.22,4.25,2.15,1.62,1.33,1.44,2.09,3.1,5.8,5.35,2.72,2.19,1.76,2.13,3.65,5.4,12.2,4.25,2.7,1.66,1.39,1.48,1.83,3.18,4.85,1.57,1.84,1.92,2.38,2.52,4.1,2.25,2.1,11.2,3.05,1.73,1.28,1.08,1.02,1.02,1.17,1.6,2.4,4.7,10.5,23/02/2023
2663781_1,2023-02-24 21:15:00,Famalicao,Portimonense SC,"Portugal, Primeira Liga",4.05,3.38,1.86,1.19,1.75,1.25,3.5,1.9,1.49,1.27,1.6,2.58,4.2,9.0,4.45,2.43,2.02,1.71,2.49,4.85,7.7,21.0,3.7,2.4,1.57,1.36,1.69,2.22,4.4,7.45,1.78,1.62,2.44,2.3,3.25,3.95,3.12,2.11,8.3,2.7,1.52,1.17,1.04,1.01,1.04,1.29,1.92,3.05,7.7,20.5,23/02/2023
2665977_1,2023-02-25 16:30:00,FC Arouca,Casa Pia Lisbon,"Portugal, Primeira Liga",3.22,3.2,2.19,1.28,1.53,1.27,3.45,1.92,1.54,1.33,1.79,3.08,5.1,12.0,3.85,2.15,1.77,1.52,2.21,4.15,6.8,17.8,3.52,2.33,1.56,1.37,1.79,2.38,5.0,8.6,1.8,1.61,2.6,2.52,2.98,3.25,3.25,2.14,7.55,2.5,1.46,1.14,1.03,1.01,1.05,1.33,2.02,3.28,8.85,25.0,23/02/2023
2666253_1,2023-02-25 18:15:00,Genk,Ostende,"Belgique, Pro League",6.85,5.1,1.3,1.08,2.85,1.11,5.25,2.58,1.75,1.35,1.17,1.46,1.98,3.08,9.2,4.6,3.82,2.92,2.98,5.3,7.7,17.5,5.35,3.18,1.83,1.44,1.21,1.42,2.06,2.95,1.56,1.85,1.72,2.02,3.68,8.4,1.92,1.95,20.5,4.7,2.31,1.55,1.22,1.07,1.01,1.08,1.34,1.87,2.85,5.4,23/02/2023
2666566_1,2023-02-25 21:30:00,FC Vizela,Benfica,"Portugal, Primeira Liga",1.34,4.9,7.6,2.78,1.07,1.13,8.0,4.1,3.48,2.75,3.42,6.75,10.0,26.5,4.6,2.27,1.6,1.27,1.24,1.66,2.42,4.15,4.9,2.88,1.72,1.39,1.32,1.62,2.58,3.98,1.72,1.67,4.55,8.2,2.11,2.04,2.52,2.0,15.2,4.2,1.97,1.38,1.13,1.03,1.01,1.13,1.49,2.18,4.0,8.8,23/02/2023
2668315_1,2023-02-26 16:30:00,Rio Ave,Chaves,"Portugal, Primeira Liga",3.38,3.25,2.09,1.26,1.58,1.27,3.6,1.95,1.55,1.33,1.72,2.85,4.65,10.5,4.15,2.26,1.86,1.57,2.22,4.15,6.65,17.0,3.65,2.4,1.58,1.37,1.74,2.28,4.6,7.8,1.75,1.64,2.5,2.55,2.95,3.48,3.1,2.18,8.15,2.65,1.5,1.16,1.04,1.01,1.04,1.3,1.94,3.12,8.0,21.5,23/02/2023
2668610_1,2023-02-26 19:00:00,FC Pacos Ferreira,Boavista,"Portugal, Primeira Liga",2.72,3.08,2.58,1.38,1.39,1.29,3.85,2.07,1.67,1.42,1.9,3.32,5.3,12.8,3.85,2.07,1.68,1.43,1.91,3.35,5.35,12.8,3.78,2.48,1.61,1.4,1.77,2.32,4.7,7.9,1.71,1.68,2.6,2.98,2.6,3.0,3.1,2.27,7.9,2.68,1.5,1.17,1.04,1.01,1.04,1.29,1.94,3.08,7.9,21.0,23/02/2023
2668703_1,2023-02-26 21:30:00,FC Porto,Gil Vicente,"Portugal, Primeira Liga",12.2,6.8,1.17,1.03,4.1,1.06,5.1,2.52,1.69,1.3,1.14,1.42,1.97,3.08,11.0,5.95,5.2,4.15,4.7,10.2,15.2,45.0,5.5,3.08,1.8,1.4,1.19,1.41,2.05,3.05,1.83,1.58,2.17,1.8,6.8,13.0,2.49,1.8,22.5,5.35,2.29,1.54,1.21,1.07,1.01,1.09,1.35,1.89,3.1,6.2,23/02/2023
2670306_1,2023-02-24 20:00:00,Sp. Rotterdam,FC Utrecht,"Pays-Bas, Eredivisie",2.55,3.25,2.49,1.45,1.45,1.29,4.35,2.25,1.77,1.45,1.73,2.75,4.15,8.75,4.35,2.25,1.78,1.46,1.73,2.78,4.15,8.8,4.05,2.62,1.64,1.4,1.57,1.96,3.58,5.55,1.67,1.99,2.15,2.95,2.15,2.95,2.34,2.15,10.0,3.12,1.76,1.29,1.09,1.02,1.04,1.25,1.81,2.92,5.35,12.5,23/02/2023
2671884_1,2023-02-25 16:30:00,FC Groningen,Excelsior Rotterdam,"Pays-Bas, Eredivisie",3.55,3.6,1.75,1.24,1.87,1.24,4.3,2.19,1.64,1.34,1.45,2.09,3.12,5.8,5.4,2.78,2.22,1.78,2.15,3.62,5.4,12.0,4.15,2.65,1.63,1.38,1.46,1.8,3.12,4.75,1.66,1.96,1.95,2.39,2.58,4.1,2.21,2.07,12.0,3.25,1.85,1.32,1.1,1.02,1.02,1.2,1.67,2.62,4.65,10.5,23/02/2023
2672077_1,2023-02-25 18:45:00,Heerenveen,RKC Waalwijk,"Pays-Bas, Eredivisie",3.52,3.42,1.8,1.25,1.81,1.26,4.35,2.2,1.66,1.35,1.45,2.1,3.08,5.8,5.4,2.72,2.18,1.75,2.07,3.48,5.1,11.5,4.3,2.75,1.67,1.4,1.47,1.81,3.12,4.75,1.63,2.01,1.91,2.46,2.47,4.05,2.21,2.13,11.8,3.28,1.86,1.33,1.11,1.03,1.02,1.2,1.66,2.58,4.55,10.0,23/02/2023
2672290_1,2023-02-25 20:00:00,AZ Alkmaar,SC Cambuur,"Pays-Bas, Eredivisie",9.1,5.3,1.2,1.06,3.75,1.11,4.35,2.26,1.57,1.25,1.16,1.47,2.07,3.28,8.6,4.75,4.1,3.25,3.88,8.2,12.2,35.0,4.7,2.78,1.68,1.34,1.21,1.46,2.16,3.22,1.93,1.69,1.92,1.67,4.8,8.5,2.21,1.67,16.8,4.05,2.22,1.49,1.19,1.06,1.01,1.13,1.45,2.12,3.35,6.55,23/02/2023
2672338_1,2023-02-25 21:00:00,NEC Nijmegen,FC Volendam,"Pays-Bas, Eredivisie",4.9,3.92,1.49,1.15,2.21,1.19,4.35,2.19,1.6,1.29,1.31,1.8,2.6,4.55,6.35,3.25,2.65,2.11,2.52,4.5,6.6,15.8,4.45,2.75,1.67,1.38,1.37,1.68,2.75,4.15,1.65,1.87,1.86,2.12,2.98,5.25,2.17,1.99,13.2,3.5,1.96,1.38,1.13,1.03,1.02,1.17,1.59,2.42,4.05,8.7,23/02/2023
2672614_1,2023-02-25 18:00:00,FC Sion,FC Saint-Gall,"Suisse, Super League",2.01,3.5,2.95,1.6,1.31,1.24,5.9,2.82,2.19,1.71,1.81,2.78,3.95,7.9,5.25,2.52,1.87,1.47,1.49,2.11,3.0,5.5,4.8,3.05,1.77,1.46,1.42,1.71,2.82,4.1,1.5,2.2,2.18,4.0,1.88,2.98,2.01,2.33,14.5,3.65,2.03,1.41,1.15,1.04,1.02,1.15,1.54,2.31,3.8,7.9,23/02/2023
2673402_1,2023-02-26 14:30:00,Vitesse Arnhem,Ajax Amsterdam,"Pays-Bas, Eredivisie",1.42,4.3,5.15,2.39,1.13,1.17,7.6,3.75,3.05,2.36,2.55,4.35,6.3,14.2,4.95,2.42,1.71,1.34,1.25,1.63,2.28,3.75,4.95,3.02,1.76,1.42,1.29,1.54,2.37,3.48,1.58,1.97,3.05,6.35,1.76,2.19,1.99,2.05,16.8,4.0,2.2,1.49,1.18,1.06,1.01,1.13,1.46,2.14,3.38,6.65,23/02/2023
2673408_1,2023-02-26 14:30:00,FC Emmen,Go Ahead Eagles,"Pays-Bas, Eredivisie",2.85,3.12,2.18,1.33,1.5,1.29,3.7,2.0,1.59,1.35,1.72,2.82,4.4,9.55,3.98,2.16,1.75,1.47,1.95,3.38,5.3,12.2,3.62,2.39,1.56,1.35,1.65,2.13,4.15,6.65,1.75,1.76,2.21,2.48,2.4,2.9,2.58,2.02,8.45,2.7,1.59,1.21,1.05,1.01,1.04,1.3,1.95,3.22,6.7,16.8,23/02/2023
2673430_1,2023-02-26 17:00:00,Besiktas,Antalyaspor,"Turquie, Süper Lig",4.4,3.55,1.63,1.15,1.94,1.19,4.05,2.08,1.56,1.28,1.38,1.98,2.92,5.4,5.55,2.85,2.35,1.89,2.38,4.3,6.35,15.5,4.2,2.65,1.64,1.37,1.45,1.81,3.1,4.75,1.62,1.77,1.91,2.16,2.8,4.5,2.3,2.0,11.5,3.02,1.73,1.27,1.08,1.02,1.02,1.17,1.61,2.41,4.7,10.5,23/02/2023
2673553_1,2023-02-26 12:15:00,Fortuna Sittard,Feyenoord Rotterdam,"Pays-Bas, Eredivisie",1.35,4.45,5.95,2.62,1.11,1.15,7.65,3.88,3.22,2.5,2.82,5.1,7.4,17.5,4.7,2.34,1.65,1.3,1.23,1.6,2.25,3.68,4.85,2.92,1.73,1.39,1.28,1.54,2.36,3.48,1.65,1.87,3.38,6.7,1.79,2.02,2.05,1.94,16.2,3.92,2.17,1.47,1.18,1.05,1.01,1.13,1.47,2.17,3.45,6.85,23/02/2023
2673568_1,2023-02-26 16:45:00,PSV Eindhoven,FC Twente,"Pays-Bas, Eredivisie",4.5,3.95,1.53,1.16,2.12,1.19,4.4,2.23,1.62,1.31,1.34,1.84,2.68,4.7,6.25,3.2,2.58,2.05,2.43,4.2,6.25,14.2,4.4,2.75,1.66,1.38,1.38,1.69,2.78,4.2,1.63,1.89,1.87,2.2,2.88,5.05,2.14,2.02,13.5,3.48,1.96,1.37,1.13,1.03,1.02,1.17,1.59,2.43,4.1,8.8,23/02/2023
2673743_1,2023-02-26 14:15:00,FC Lucerne,Grasshopper Zurich,"Suisse, Super League",3.78,3.7,1.71,1.21,1.86,1.22,5.1,2.44,1.77,1.39,1.36,1.85,2.6,4.55,6.55,3.15,2.5,1.94,2.07,3.32,4.75,10.0,4.9,3.08,1.78,1.46,1.37,1.65,2.65,3.85,1.48,2.06,1.79,2.58,2.47,4.9,2.0,2.25,15.0,3.75,2.07,1.43,1.16,1.04,1.01,1.14,1.5,2.21,3.6,7.35,23/02/2023
2674986_1,2023-02-25 16:30:00,Sektzia Ness Ziona FC,Maccabi Tel Aviv,"Israël, Premier League",1.17,5.05,10.2,3.28,1.04,1.08,8.0,4.75,4.15,3.42,5.35,13.5,21.0,70.0,3.8,2.02,1.44,1.18,1.22,1.66,2.52,4.3,4.3,2.46,1.56,1.28,1.29,1.64,2.62,4.25,2.19,1.42,6.15,7.75,2.34,1.5,2.8,1.52,13.0,3.7,1.85,1.32,1.1,1.02,1.01,1.16,1.57,2.37,4.45,10.8,23/02/2023
2674987_1,2023-02-25 17:30:00,Bnei Sakhnin FC,Ironi Kiryat Shmona,"Israël, Premier League",3.0,3.0,2.07,1.27,1.48,1.27,3.52,1.94,1.55,1.33,1.78,3.02,4.95,11.5,3.95,2.18,1.79,1.53,2.19,4.1,6.6,17.0,3.58,2.36,1.56,1.37,1.77,2.34,4.85,8.25,1.81,1.65,2.36,2.36,2.68,3.0,2.88,2.01,7.8,2.55,1.48,1.15,1.03,1.01,1.04,1.31,1.99,3.2,8.1,23.5,23/02/2023
2674990_1,2023-02-25 14:00:00,Hapoel Tel Aviv,FC Ashdod,"Israël, Premier League",2.85,3.0,2.15,1.29,1.45,1.27,3.82,2.04,1.62,1.37,1.77,2.95,4.75,10.8,4.15,2.22,1.8,1.52,2.05,3.68,5.8,14.2,3.78,2.48,1.6,1.39,1.73,2.25,4.5,7.5,1.73,1.72,2.3,2.55,2.52,3.02,2.75,2.08,8.4,2.72,1.53,1.18,1.04,1.01,1.04,1.28,1.9,3.02,7.2,20.0,23/02/2023
2674992_1,2023-02-25 18:00:00,Maccabi Netanya,Hapoel Hadera FC,"Israël, Premier League",5.0,3.5,1.51,1.12,1.95,1.2,3.35,1.83,1.41,1.21,1.48,2.28,3.75,7.6,4.95,2.8,2.36,1.99,3.12,6.65,10.8,30.0,3.65,2.31,1.53,1.31,1.59,2.11,4.0,6.9,1.94,1.55,2.28,1.83,3.62,4.2,2.9,1.8,8.7,2.75,1.54,1.18,1.04,1.01,1.03,1.28,1.88,3.02,7.05,19.8,23/02/2023
2675071_1,2023-02-26 19:15:00,Hapoel Jerusalem,Hapoel Haifa,"Israël, Premier League",3.05,2.9,2.05,1.21,1.44,1.21,3.32,1.86,1.51,1.31,1.81,3.15,5.3,12.5,3.75,2.11,1.76,1.51,2.27,4.35,7.2,19.2,3.45,2.29,1.54,1.36,1.83,2.46,5.25,9.15,1.87,1.6,2.42,2.25,2.78,2.9,3.05,1.97,7.15,2.42,1.43,1.13,1.03,1.01,1.05,1.35,2.08,3.38,9.1,27.5,23/02/2023
2675125_1,2023-02-27 19:00:00,Hapoel Be`er Sheva FC,Maccabi Bney Reine,"Israël, Premier League",9.9,4.7,1.18,1.02,3.12,1.06,3.58,1.93,1.39,1.17,1.25,1.74,2.7,4.75,7.3,4.4,3.85,3.18,5.3,13.8,22.0,75.0,4.1,2.36,1.53,1.26,1.33,1.72,2.82,4.7,2.15,1.36,2.41,1.48,6.05,7.0,2.95,1.51,11.5,3.4,1.65,1.23,1.06,1.01,1.01,1.16,1.55,2.28,5.0,12.5,23/02/2023
