IdGame,Date,Home,Away,Bet,Odd,MaProba,UnibetProba,DiffProba,DateD
2673356_1,2023-02-25 19:00:00,Valenciennes,Dijon,H/D,1.4385000000000001,0.95,0.6951685783802571,0.2548314216197428,2023-02-25
2673356_1,2023-02-25 19:00:00,Valenciennes,Dijon,"H/D&M4,5",1.4280000000000002,0.95,0.7002801120448179,0.24971988795518207,2023-02-25
2659751_1,2023-02-25 15:30:00,Werder Breme,Bochum,H/A,1.302,1.0,0.7680491551459293,0.2319508448540707,2023-02-25
2672338_1,2023-02-25 21:00:00,NEC Nijmegen,FC Volendam,"H/D&P1,5",1.3755000000000002,0.9,0.7270083605961468,0.1729916394038532,2023-02-25
2634364_1,2023-02-25 16:00:00,Everton,Aston Villa,H/A,1.3755000000000002,0.9,0.7270083605961468,0.1729916394038532,2023-02-25
2667346_1,2023-02-25 16:00:00,Reading,Blackpool,H/D,1.2915,0.9,0.7742934572202864,0.1257065427797136,2023-02-25
2672297_1,2023-02-25 16:00:00,Aberdeen,Livingston,H/A,1.2915,0.9,0.7742934572202864,0.1257065427797136,2023-02-25
2672338_1,2023-02-25 21:00:00,NEC Nijmegen,FC Volendam,H/D,1.2075,0.95,0.8281573498964803,0.12184265010351969,2023-02-25
2659747_1,2023-02-25 15:30:00,Hoffenheim,Dortmund,H/A,1.26,0.9,0.7936507936507936,0.10634920634920642,2023-02-25
2667342_1,2023-02-25 16:00:00,Burnley,Huddersfield,"H/D&M4,5",1.2495,0.9,0.8003201280512204,0.09967987194877959,2023-02-25
2673346_1,2023-02-25 19:00:00,Metz,Nimes,H/D,1.2075,0.9,0.8281573498964803,0.07184265010351976,2023-02-25
2667342_1,2023-02-25 16:00:00,Burnley,Huddersfield,H/D,1.1235000000000002,0.95,0.8900756564307964,0.05992434356920351,2023-02-25
2659566_1,2023-02-25 13:00:00,Kaiserslautern,SpVgg Greuther Furth,"H/D&P1,5",1.806,0.8,0.5537098560354374,0.2462901439645626,2023-02-25
2634359_1,2023-02-25 20:45:00,Crystal Palace,Liverpool,H/D,2.1105,0.7,0.4738213693437574,0.22617863065624255,2023-02-25
2649157_1,2023-02-25 16:15:00,Genes,SPAL,"H/D&M2,5",1.8690000000000002,0.75,0.5350454788657035,0.21495452113429647,2023-02-25
2648408_1,2023-02-25 21:00:00,Mirandes,Leganes,H/D,1.554,0.8500000000000001,0.6435006435006435,0.20649935649935658,2023-02-25
2666566_1,2023-02-25 21:30:00,Vizela,Benfica,"H/A&M3,5",1.806,0.75,0.5537098560354374,0.19629014396456257,2023-02-25
2649163_1,2023-02-25 18:00:00,Empoli,Naples,"H/A&M3,5",1.806,0.75,0.5537098560354374,0.19629014396456257,2023-02-25
2673356_1,2023-02-25 19:00:00,Valenciennes,Dijon,"H/D&M3,5",1.6380000000000001,0.8,0.6105006105006104,0.1894993894993896,2023-02-25
2667337_1,2023-02-25 16:00:00,QPR,Blackburn,"D/A&M3,5",1.9530000000000003,0.7,0.5120327700972862,0.18796722990271375,2023-02-25
2649158_1,2023-02-25 14:00:00,Reggina,Modena,"H/A&P1,5",1.764,0.75,0.5668934240362812,0.18310657596371882,2023-02-25
2667339_1,2023-02-25 16:00:00,Preston N. End,Wigan Athletic,D/A,1.6065,0.8,0.6224712107065048,0.17752878929349525,2023-02-25
2634364_1,2023-02-25 16:00:00,Everton,Aston Villa,"H/A&M4,5",1.4595,0.8500000000000001,0.6851661527920521,0.16483384720794803,2023-02-25
2649167_1,2023-02-25 20:45:00,Lecce,Sassuolo,"H/D&P1,5",1.8585,0.7,0.5380683346785041,0.16193166532149583,2023-02-25
2674990_1,2023-02-25 14:00:00,Hapoel Tel Aviv,Moadon Sport Ashdod,"H/D&P1,5",1.8585,0.7,0.5380683346785041,0.16193166532149583,2023-02-25
2659566_1,2023-02-25 13:00:00,Kaiserslautern,SpVgg Greuther Furth,H/D,1.4489999999999998,0.8500000000000001,0.6901311249137336,0.15986887508626646,2023-02-25
2634364_1,2023-02-25 16:00:00,Everton,Aston Villa,"H/A&P1,5",1.848,0.7,0.5411255411255411,0.15887445887445883,2023-02-25
2659751_1,2023-02-25 15:30:00,Werder Breme,Bochum,"H/A&M4,5",1.554,0.8,0.6435006435006435,0.15649935649935653,2023-02-25
2649157_1,2023-02-25 16:15:00,Genes,SPAL,"H/D&M3,5",1.4385000000000001,0.8500000000000001,0.6951685783802571,0.15483142161974295,2023-02-25
2659751_1,2023-02-25 15:30:00,Werder Breme,Bochum,"H/A&P1,5",1.5435,0.8,0.647878198898607,0.15212180110139306,2023-02-25
2667346_1,2023-02-25 16:00:00,Reading,Blackpool,"H/A&M3,5",1.6695000000000002,0.75,0.5989817310572026,0.15101826894279735,2023-02-25
2667345_1,2023-02-25 16:00:00,Birmingham C.,Luton Town,"H/A&P1,5",1.8165,0.7,0.5505092210294522,0.14949077897054774,2023-02-25
2667346_1,2023-02-25 16:00:00,Reading,Blackpool,"H/D&M3,5",1.6590000000000003,0.75,0.6027727546714887,0.14722724532851128,2023-02-25
2648408_1,2023-02-25 21:00:00,Mirandes,Leganes,"H/D&M3,5",1.6590000000000003,0.75,0.6027727546714887,0.14722724532851128,2023-02-25
2652899_1,2023-02-25 16:00:00,Universitatea Cluj,FC Botosani,D/A,1.7955,0.7,0.556947925368978,0.14305207463102199,2023-02-25
2648405_1,2023-02-25 21:00:00,Valence,Real Sociedad,"H/A&M3,5",1.6380000000000001,0.75,0.6105006105006104,0.13949938949938956,2023-02-25
2667346_1,2023-02-25 16:00:00,Reading,Blackpool,"H/D&P1,5",1.6380000000000001,0.75,0.6105006105006104,0.13949938949938956,2023-02-25
2653481_1,2023-02-25 17:00:00,Giresunspor,Kayserispor,H/A,1.3230000000000002,0.8944444444444444,0.7558578987150415,0.13858654572940288,2023-02-25
2667342_1,2023-02-25 16:00:00,Burnley,Huddersfield,"H/D&M3,5",1.5015,0.8,0.666000666000666,0.13399933399933406,2023-02-25
2667346_1,2023-02-25 16:00:00,Reading,Blackpool,"H/D&M4,5",1.3860000000000001,0.8500000000000001,0.7215007215007214,0.12849927849927867,2023-02-25
2659569_1,2023-02-25 13:00:00,Nurnberg,Sandhausen,"H/A&M3,5",1.6065,0.75,0.6224712107065048,0.1275287892934952,2023-02-25
2649167_1,2023-02-25 20:45:00,Lecce,Sassuolo,"H/D&M4,5",1.4805,0.8,0.6754474839581223,0.12455251604187778,2023-02-25
2633672_1,2023-02-25 20:30:00,FC Zürich,Young Boys,D/A,1.3755000000000002,0.8500000000000001,0.7270083605961468,0.12299163940385327,2023-02-25
2649163_1,2023-02-25 18:00:00,Empoli,Naples,"H/A&M4,5",1.47,0.8,0.6802721088435374,0.11972789115646265,2023-02-25
2648407_1,2023-02-25 21:00:00,Sporting Gijon,Tenerife,H/D,1.3650000000000002,0.8500000000000001,0.7326007326007324,0.11739926739926765,2023-02-25
2666566_1,2023-02-25 21:30:00,Vizela,Benfica,"H/A&M4,5",1.4595,0.8,0.6851661527920521,0.11483384720794798,2023-02-25
2674990_1,2023-02-25 14:00:00,Hapoel Tel Aviv,Moadon Sport Ashdod,"H/D&M3,5",1.7010000000000003,0.7,0.5878894767783656,0.1121105232216344,2023-02-25
2652906_1,2023-02-25 19:00:00,Rapid Bucuresti,Chindia Targoviste,"H/A&P1,5",1.7010000000000003,0.7,0.5878894767783656,0.1121105232216344,2023-02-25
2648405_1,2023-02-25 21:00:00,Valence,Real Sociedad,H/A,1.3545,0.8500000000000001,0.7382798080472499,0.11172019195275018,2023-02-25
2672298_1,2023-02-25 16:00:00,St Johnstone,St Mirren,H/A,1.3545,0.8500000000000001,0.7382798080472499,0.11172019195275018,2023-02-25
2648408_1,2023-02-25 21:00:00,Mirandes,Leganes,"H/D&M4,5",1.4489999999999998,0.8,0.6901311249137336,0.10986887508626642,2023-02-25
2667339_1,2023-02-25 16:00:00,Preston N. End,Wigan Athletic,"D/A&M4,5",1.554,0.75,0.6435006435006435,0.10649935649935649,2023-02-25
2672338_1,2023-02-25 21:00:00,NEC Nijmegen,FC Volendam,"H/D&M3,5",1.6800000000000002,0.7,0.5952380952380952,0.10476190476190472,2023-02-25
2634364_1,2023-02-25 16:00:00,Everton,Aston Villa,"H/A&M3,5",1.6695000000000002,0.7,0.5989817310572026,0.1010182689427973,2023-02-25
2659569_1,2023-02-25 13:00:00,Nurnberg,Sandhausen,H/A,1.3335000000000001,0.8500000000000001,0.7499062617172852,0.10009373828271484,2023-02-25
2665977_1,2023-02-25 16:30:00,Arouca,Casa Pia,H/A,1.3335000000000001,0.8500000000000001,0.7499062617172852,0.10009373828271484,2023-02-25
2667343_1,2023-02-25 16:00:00,Sheffield United,Watford,"H/D&M4,5",1.3335000000000001,0.8500000000000001,0.7499062617172852,0.10009373828271484,2023-02-25
2649167_1,2023-02-25 20:45:00,Lecce,Sassuolo,H/D,1.4280000000000002,0.8,0.7002801120448179,0.09971988795518216,2023-02-25
2659082_1,2023-02-25 19:00:00,Maccabi Haifa,Beitar Jerusalem,"H/A&P1,5",1.4280000000000002,0.8,0.7002801120448179,0.09971988795518216,2023-02-25
2659747_1,2023-02-25 15:30:00,Hoffenheim,Dortmund,"H/A&P1,5",1.4280000000000002,0.8,0.7002801120448179,0.09971988795518216,2023-02-25
2666253_1,2023-02-25 18:15:00,Racing Genk,KV Oostende,"H/D&P2,5",1.533,0.75,0.6523157208088716,0.09768427919112843,2023-02-25
2648416_1,2023-02-25 16:15:00,Racing Santander,FC Andorre,"H/A&M3,5",1.533,0.75,0.6523157208088716,0.09768427919112843,2023-02-25
2634370_1,2023-02-25 16:00:00,Leeds United,Southampton,H/A,1.3230000000000002,0.85,0.7558578987150415,0.09414210128495848,2023-02-25
2652899_1,2023-02-25 16:00:00,Universitatea Cluj,FC Botosani,"D/A&M4,5",1.6485,0.7,0.6066120715802245,0.0933879284197755,2023-02-25
2667337_1,2023-02-25 16:00:00,QPR,Blackburn,D/A,1.6380000000000001,0.7,0.6105006105006104,0.08949938949938951,2023-02-25
2672297_1,2023-02-25 16:00:00,Aberdeen,Livingston,"H/A&P1,5",1.6380000000000001,0.7,0.6105006105006104,0.08949938949938951,2023-02-25
2648416_1,2023-02-25 16:15:00,Racing Santander,FC Andorre,H/A,1.4070000000000003,0.8,0.710732054015636,0.08926794598436405,2023-02-25
2662518_1,2023-02-25 19:30:00,Olympiakos,Panathinaikos,H/A,1.3125,0.8500000000000001,0.7619047619047619,0.08809523809523823,2023-02-25
2649158_1,2023-02-25 14:00:00,Reggina,Modena,H/A,1.3125,0.8500000000000001,0.7619047619047619,0.08809523809523823,2023-02-25
2649155_1,2023-02-25 14:00:00,Ternana,Cittadella,"H/D&M3,5",1.6275000000000002,0.7,0.6144393241167434,0.08556067588325655,2023-02-25
2667345_1,2023-02-25 16:00:00,Birmingham C.,Luton Town,"D/A&M3,5",1.6275000000000002,0.7,0.6144393241167434,0.08556067588325655,2023-02-25
2667337_1,2023-02-25 16:00:00,QPR,Blackburn,"D/A&M4,5",1.6275000000000002,0.7,0.6144393241167434,0.08556067588325655,2023-02-25
2649152_1,2023-02-25 14:00:00,Brescia,Bari,D/A,1.3965,0.8,0.7160759040458288,0.08392409595417127,2023-02-25
2672614_1,2023-02-25 18:00:00,FC Sion,St Gallen,H/A,1.302,0.8500000000000001,0.7680491551459293,0.08195084485407078,2023-02-25
2671884_1,2023-02-25 16:30:00,FC Groningen,Excelsior,H/A,1.302,0.8500000000000001,0.7680491551459293,0.08195084485407078,2023-02-25
2649156_1,2023-02-25 14:00:00,Come,Cosenza,"H/A&M3,5",1.6170000000000002,0.7,0.6184291898577612,0.08157081014223877,2023-02-25
2649155_1,2023-02-25 14:00:00,Ternana,Cittadella,"H/A&M3,5",1.6170000000000002,0.7,0.6184291898577612,0.08157081014223877,2023-02-25
2666253_1,2023-02-25 18:15:00,Racing Genk,KV Oostende,"H/A&P2,5",1.4909999999999999,0.75,0.6706908115358821,0.07930918846411794,2023-02-25
2648405_1,2023-02-25 21:00:00,Valence,Real Sociedad,D/A,1.3860000000000001,0.8,0.7215007215007214,0.07849927849927862,2023-02-25
2667341_1,2023-02-25 16:00:00,West Bromwich,Middlesbrough,H/D,1.3860000000000001,0.8,0.7215007215007214,0.07849927849927862,2023-02-25
2659747_1,2023-02-25 15:30:00,Hoffenheim,Dortmund,"H/A&M4,5",1.6065,0.7,0.6224712107065048,0.07752878929349516,2023-02-25
2652906_1,2023-02-25 19:00:00,Rapid Bucuresti,Chindia Targoviste,H/A,1.2915,0.8500000000000001,0.7742934572202864,0.07570654277971367,2023-02-25
2673541_1,2023-02-25 13:30:00,Coventry City,Sunderland,D/A,1.596,0.7,0.6265664160401002,0.07343358395989974,2023-02-25
2659745_1,2023-02-25 18:30:00,Schalke 04,Stuttgart,H/D,1.596,0.7,0.6265664160401002,0.07343358395989974,2023-02-25
2667340_1,2023-02-25 16:00:00,Stoke City,Millwall,"H/A&M3,5",1.5855000000000001,0.7,0.630715862503942,0.069284137496058,2023-02-25
2667345_1,2023-02-25 16:00:00,Birmingham C.,Luton Town,"H/A&M3,5",1.5855000000000001,0.7,0.630715862503942,0.069284137496058,2023-02-25
2666253_1,2023-02-25 18:15:00,Racing Genk,KV Oostende,H,1.3650000000000002,0.8,0.7326007326007324,0.0673992673992676,2023-02-25
2634428_1,2023-02-25 17:00:00,Angers,Lyon,"H/A&P1,5",1.5750000000000002,0.7,0.6349206349206349,0.06507936507936507,2023-02-25
2659566_1,2023-02-25 13:00:00,Kaiserslautern,SpVgg Greuther Furth,"H/D&M4,5",1.4595,0.75,0.6851661527920521,0.06483384720794794,2023-02-25
2672338_1,2023-02-25 21:00:00,NEC Nijmegen,FC Volendam,"H/D&M4,5",1.3545,0.8,0.7382798080472499,0.061720191952750136,2023-02-25
2674990_1,2023-02-25 14:00:00,Hapoel Tel Aviv,Moadon Sport Ashdod,H/D,1.3545,0.8,0.7382798080472499,0.061720191952750136,2023-02-25
2673357_1,2023-02-25 19:00:00,Laval,US Quevilly,"H/A&M4,5",1.4489999999999998,0.75,0.6901311249137336,0.05986887508626637,2023-02-25
2649159_1,2023-02-25 14:00:00,Venezia,Cagliari,"H/D&M4,5",1.4489999999999998,0.75,0.6901311249137336,0.05986887508626637,2023-02-25
2667342_1,2023-02-25 16:00:00,Burnley,Huddersfield,"H/D&P1,5",1.344,0.8,0.744047619047619,0.05595238095238109,2023-02-25
2673351_1,2023-02-25 19:00:00,Guingamp,Caen,D/A,1.4385000000000001,0.75,0.6951685783802571,0.05483142161974286,2023-02-25
2674990_1,2023-02-25 14:00:00,Hapoel Tel Aviv,Moadon Sport Ashdod,"H/D&M4,5",1.4385000000000001,0.75,0.6951685783802571,0.05483142161974286,2023-02-25
2648405_1,2023-02-25 21:00:00,Valence,Real Sociedad,"H/A&M4,5",1.4385000000000001,0.75,0.6951685783802571,0.05483142161974286,2023-02-25
2662576_1,2023-02-25 18:00:00,Pas Giannina,PAOK Salonika,"D/A&P1,5",1.4385000000000001,0.75,0.6951685783802571,0.05483142161974286,2023-02-25
2653481_1,2023-02-25 17:00:00,Giresunspor,Kayserispor,"H/A&M4,5",1.47,0.7333333333333334,0.6802721088435374,0.053061224489796,2023-02-25
2672492_1,2023-02-25 16:00:00,Kilmarnock,Motherwell,H/A,1.3335000000000001,0.8,0.7499062617172852,0.050093738282714795,2023-02-25
2672338_1,2023-02-25 21:00:00,NEC Nijmegen,FC Volendam,D,4.116,0.55,0.24295432458697766,0.3070456754130224,2023-02-25
2672290_1,2023-02-25 20:00:00,AZ Alkmaar,SC Cambuur,D/A,3.9375,0.55,0.25396825396825395,0.2960317460317461,2023-02-25
2634362_1,2023-02-25 18:30:00,Bournemouth,Manchester City,H/D,3.6225000000000005,0.55,0.2760524499654934,0.27394755003450666,2023-02-25
2634362_1,2023-02-25 18:30:00,Bournemouth,Manchester City,"H/D&M3,5",4.41,0.5,0.22675736961451246,0.2732426303854876,2023-02-25
2662576_1,2023-02-25 18:00:00,Pas Giannina,PAOK Salonika,"H/D&P1,5",3.4859999999999998,0.55,0.2868617326448652,0.26313826735513485,2023-02-25
2659566_1,2023-02-25 13:00:00,Kaiserslautern,SpVgg Greuther Furth,"H/D&P2,5",2.94,0.6,0.3401360544217687,0.2598639455782313,2023-02-25
2674986_1,2023-02-25 16:30:00,Sektzia Nes Tziona,Maccabi Tel-Aviv,H/D,3.444,0.55,0.29036004645760743,0.2596399535423926,2023-02-25
2649157_1,2023-02-25 16:15:00,Genes,SPAL,"D/A&M2,5",2.8875,0.6,0.3463203463203463,0.25367965367965367,2023-02-25
2648405_1,2023-02-25 21:00:00,Valence,Real Sociedad,A,2.457,0.65,0.407000407000407,0.242999592999593,2023-02-25
2672297_1,2023-02-25 16:00:00,Aberdeen,Livingston,"H/A&P3,5",3.8325,0.5,0.2609262883235486,0.23907371167645142,2023-02-25
2648408_1,2023-02-25 21:00:00,Mirandes,Leganes,H,3.066,0.55,0.3261578604044358,0.22384213959556426,2023-02-25
2673354_1,2023-02-25 19:00:00,Saint-Etienne,Pau,"D/A&P1,5",3.024,0.55,0.3306878306878307,0.21931216931216935,2023-02-25
2634362_1,2023-02-25 18:30:00,Bournemouth,Manchester City,"H/D&M4,5",3.4859999999999998,0.5,0.2868617326448652,0.2131382673551348,2023-02-25
2649158_1,2023-02-25 14:00:00,Reggina,Modena,"H/A&P2,5",2.289,0.6499999999999999,0.436871996505024,0.2131280034949759,2023-02-25
2672338_1,2023-02-25 21:00:00,NEC Nijmegen,FC Volendam,"D/A&M2,5",3.4125,0.5,0.29304029304029305,0.20695970695970695,2023-02-25
2662576_1,2023-02-25 18:00:00,Pas Giannina,PAOK Salonika,H/D,2.4885,0.6,0.40184850311432585,0.19815149688567413,2023-02-25
2671884_1,2023-02-25 16:30:00,FC Groningen,Excelsior,"H/A&P3,5",3.2760000000000002,0.5,0.3052503052503052,0.19474969474969478,2023-02-25
2649157_1,2023-02-25 16:15:00,Genes,SPAL,"D/A&M3,5",2.457,0.6,0.407000407000407,0.19299959299959296,2023-02-25
2672338_1,2023-02-25 21:00:00,NEC Nijmegen,FC Volendam,"D/A&M3,5",2.7825,0.55,0.35938903863432164,0.1906109613656784,2023-02-25
2667339_1,2023-02-25 16:00:00,Preston N. End,Wigan Athletic,D,3.2025,0.5,0.312256049960968,0.187743950039032,2023-02-25
2672298_1,2023-02-25 16:00:00,St Johnstone,St Mirren,"H/A&P2,5",2.415,0.6,0.41407867494824013,0.18592132505175984,2023-02-25
2667341_1,2023-02-25 16:00:00,West Bromwich,Middlesbrough,H,2.3415,0.6,0.42707666026051677,0.1729233397394832,2023-02-25
2672338_1,2023-02-25 21:00:00,NEC Nijmegen,FC Volendam,"D/A&P1,5",2.6460000000000004,0.55,0.37792894935752075,0.1720710506424793,2023-02-25
2649163_1,2023-02-25 18:00:00,Empoli,Naples,"H/A&M2,5",3.045,0.5,0.3284072249589491,0.17159277504105092,2023-02-25
2634359_1,2023-02-25 20:45:00,Crystal Palace,Liverpool,"H/D&M4,5",2.0895,0.6499999999999999,0.4785833931562574,0.1714166068437425,2023-02-25
2672338_1,2023-02-25 21:00:00,NEC Nijmegen,FC Volendam,D/A,2.3205,0.6000000000000001,0.43094160741219567,0.16905839258780442,2023-02-25
2659759_1,2023-02-25 15:30:00,RB Leipzig,Eintracht Frankfurt,"D/A&P1,5",2.625,0.55,0.38095238095238093,0.1690476190476191,2023-02-25
2648402_1,2023-02-25 14:00:00,Espanyol,Majorque,"D/A&P1,5",2.604,0.55,0.38402457757296465,0.1659754224270354,2023-02-25
2673354_1,2023-02-25 19:00:00,Saint-Etienne,Pau,"D/A&M2,5",2.9925,0.5,0.3341687552213868,0.16583124477861322,2023-02-25
2672338_1,2023-02-25 21:00:00,NEC Nijmegen,FC Volendam,"H/D&M2,5",2.2995,0.6,0.4348771472059143,0.16512285279408567,2023-02-25
2634359_1,2023-02-25 20:45:00,Crystal Palace,Liverpool,"H/D&P1,5",2.5935,0.55,0.385579332947754,0.16442066705224606,2023-02-25
2649157_1,2023-02-25 16:15:00,Genes,SPAL,D/A,2.2785,0.6,0.4388852315119596,0.1611147684880404,2023-02-25
2648407_1,2023-02-25 21:00:00,Sporting Gijon,Tenerife,D,2.919,0.5,0.34258307639602603,0.15741692360397397,2023-02-25
2659751_1,2023-02-25 15:30:00,Werder Breme,Bochum,H,2.0265,0.65,0.4934616333580064,0.1565383666419936,2023-02-25
2667346_1,2023-02-25 16:00:00,Reading,Blackpool,H,2.0265,0.6499999999999999,0.4934616333580064,0.1565383666419935,2023-02-25
2652906_1,2023-02-25 19:00:00,Rapid Bucuresti,Chindia Targoviste,"H/D&P2,5",2.52,0.55,0.3968253968253968,0.15317460317460324,2023-02-25
2652906_1,2023-02-25 19:00:00,Rapid Bucuresti,Chindia Targoviste,"H/A&P2,5",2.2365,0.6,0.447127207690588,0.15287279230941198,2023-02-25
2653482_1,2023-02-25 17:00:00,Fenerbahce,Konyaspor,D/A,2.499,0.55,0.4001600640256102,0.14983993597438983,2023-02-25
2649156_1,2023-02-25 14:00:00,Come,Cosenza,"H/A&M2,5",2.4885,0.55,0.40184850311432585,0.1481514968856742,2023-02-25
2649158_1,2023-02-25 14:00:00,Reggina,Modena,"H/D&P2,5",2.8350000000000004,0.5,0.3527336860670193,0.14726631393298067,2023-02-25
2634428_1,2023-02-25 17:00:00,Angers,Lyon,"H/A&P2,5",1.9845,0.65,0.5039052658100277,0.14609473418997232,2023-02-25
2627796_1,2023-02-25 18:30:00,Real Madrid,Atletico Madrid,"D/A&M3,5",2.4675000000000002,0.55,0.40526849037487334,0.1447315096251267,2023-02-25
2634376_1,2023-02-25 16:00:00,West Ham,Nottingham Forest,"D/A&M2,5",2.8140000000000005,0.5,0.355366027007818,0.144633972992182,2023-02-25
2673349_1,2023-02-25 19:00:00,Sochaux,Annecy,D/A,2.1945,0.6,0.45568466621098197,0.144315333789018,2023-02-25
2652893_1,2023-02-25 13:30:00,Sepsi Sfantu Gheorghe,Hermannstadt,D/A,1.974,0.6499999999999999,0.5065856129685917,0.14341438703140819,2023-02-25
2673354_1,2023-02-25 19:00:00,Saint-Etienne,Pau,D/A,2.184,0.6,0.45787545787545786,0.14212454212454212,2023-02-25
2634370_1,2023-02-25 16:00:00,Leeds United,Southampton,"H/A&P2,5",2.1734999999999998,0.6,0.4600874166091558,0.13991258339084417,2023-02-25
2634364_1,2023-02-25 16:00:00,Everton,Aston Villa,"H/A&P2,5",2.4255,0.55,0.4122861265718409,0.13771387342815916,2023-02-25
2648416_1,2023-02-25 16:15:00,Racing Santander,FC Andorre,"H/A&M2,5",2.1630000000000003,0.6,0.46232085067036516,0.13767914932963482,2023-02-25
2667337_1,2023-02-25 16:00:00,QPR,Blackburn,"D/A&P1,5",2.1525,0.6,0.4645760743321719,0.13542392566782807,2023-02-25
2662576_1,2023-02-25 18:00:00,Pas Giannina,PAOK Salonika,"H/D&M4,5",2.1525,0.6,0.4645760743321719,0.13542392566782807,2023-02-25
2667345_1,2023-02-25 16:00:00,Birmingham C.,Luton Town,A,2.4045,0.55,0.41588687876897484,0.1341131212310252,2023-02-25
2673356_1,2023-02-25 19:00:00,Valenciennes,Dijon,H,2.709,0.5,0.36913990402362495,0.13086009597637505,2023-02-25
2662621_1,2023-02-25 18:15:00,Eupen,Cercle Brugge KSV,"H/D&M3,5",2.1315,0.6,0.46915317851278443,0.13084682148721555,2023-02-25
2673356_1,2023-02-25 19:00:00,Valenciennes,Dijon,"H/D&P1,5",2.1315,0.6,0.46915317851278443,0.13084682148721555,2023-02-25
2633672_1,2023-02-25 20:30:00,FC Zürich,Young Boys,"D/A&M3,5",1.9215000000000002,0.6499999999999999,0.5204267499349466,0.12957325006505327,2023-02-25
2673349_1,2023-02-25 19:00:00,Sochaux,Annecy,"D/A&M4,5",2.121,0.6,0.47147571900047147,0.1285242809995285,2023-02-25
2667340_1,2023-02-25 16:00:00,Stoke City,Millwall,"H/A&M2,5",2.3625000000000003,0.55,0.42328042328042326,0.1267195767195768,2023-02-25
2667345_1,2023-02-25 16:00:00,Birmingham C.,Luton Town,"D/A&P1,5",1.9005,0.65,0.5261773217574323,0.12382267824256776,2023-02-25
2649160_1,2023-02-25 14:00:00,Suditrol,Palermo,"D/A&P1,5",2.0895,0.6,0.4785833931562574,0.12141660684374256,2023-02-25
2648407_1,2023-02-25 21:00:00,Sporting Gijon,Tenerife,"H/D&P1,5",2.0895,0.6,0.4785833931562574,0.12141660684374256,2023-02-25
2634376_1,2023-02-25 16:00:00,West Ham,Nottingham Forest,"D/A&M3,5",2.3310000000000004,0.55,0.42900042900042895,0.1209995709995711,2023-02-25
2659751_1,2023-02-25 15:30:00,Werder Breme,Bochum,"H/A&P2,5",1.8900000000000001,0.6499999999999999,0.5291005291005291,0.12089947089947084,2023-02-25
2649152_1,2023-02-25 14:00:00,Brescia,Bari,"D/A&P1,5",1.8900000000000001,0.6499999999999999,0.5291005291005291,0.12089947089947084,2023-02-25
2672297_1,2023-02-25 16:00:00,Aberdeen,Livingston,"H/A&P2,5",2.079,0.6,0.481000481000481,0.118999518999519,2023-02-25
2659751_1,2023-02-25 15:30:00,Werder Breme,Bochum,"H/A&M3,5",1.8795000000000002,0.65,0.5320563979781856,0.11794360202181442,2023-02-25
2659570_1,2023-02-25 20:30:00,Darmstadt,Hamburg SV,"H/A&M3,5",1.8795000000000002,0.6499999999999999,0.5320563979781856,0.11794360202181431,2023-02-25
2652899_1,2023-02-25 16:00:00,Universitatea Cluj,FC Botosani,"D/A&M2,5",2.2995,0.55,0.4348771472059143,0.11512285279408574,2023-02-25
2634359_1,2023-02-25 20:45:00,Crystal Palace,Liverpool,"H/D&M3,5",2.5935,0.5,0.385579332947754,0.11442066705224602,2023-02-25
2674987_1,2023-02-25 17:30:00,Bnei Sakhnin,Hapoel Kiryat Shmona,"D/A&M2,5",2.289,0.55,0.436871996505024,0.11312800349497604,2023-02-25
2674986_1,2023-02-25 16:30:00,Sektzia Nes Tziona,Maccabi Tel-Aviv,"H/A&M2,5",2.583,0.5,0.3871467286101432,0.11285327138985679,2023-02-25
2634376_1,2023-02-25 16:00:00,West Ham,Nottingham Forest,"H/A&M2,5",2.5725000000000002,0.5,0.3887269193391642,0.1112730806608358,2023-02-25
2648408_1,2023-02-25 21:00:00,Mirandes,Leganes,"H/D&P1,5",2.2680000000000002,0.55,0.4409171075837742,0.10908289241622582,2023-02-25
2649157_1,2023-02-25 16:15:00,Genes,SPAL,"D/A&M4,5",2.037,0.6,0.4909180166912126,0.10908198330878738,2023-02-25
2673354_1,2023-02-25 19:00:00,Saint-Etienne,Pau,"D/A&M3,5",2.5515000000000003,0.5,0.39192631785224374,0.10807368214775626,2023-02-25
2662621_1,2023-02-25 18:15:00,Eupen,Cercle Brugge KSV,"H/D&P1,5",2.0265,0.6,0.4934616333580064,0.10653836664199356,2023-02-25
2652893_1,2023-02-25 13:30:00,Sepsi Sfantu Gheorghe,Hermannstadt,"D/A&M2,5",2.52,0.5,0.3968253968253968,0.1031746031746032,2023-02-25
2659759_1,2023-02-25 15:30:00,RB Leipzig,Eintracht Frankfurt,D/A,2.2365,0.55,0.447127207690588,0.10287279230941204,2023-02-25
2667339_1,2023-02-25 16:00:00,Preston N. End,Wigan Athletic,"D/A&M3,5",1.827,0.6499999999999999,0.5473453749315819,0.10265462506841805,2023-02-25
2667346_1,2023-02-25 16:00:00,Reading,Blackpool,"H/D&P2,5",2.5095,0.5,0.3984857541342897,0.10151424586571028,2023-02-25
2659747_1,2023-02-25 15:30:00,Hoffenheim,Dortmund,"H/A&M3,5",1.9949999999999999,0.6000000000000001,0.5012531328320803,0.0987468671679198,2023-02-25
2667339_1,2023-02-25 16:00:00,Preston N. End,Wigan Athletic,"D/A&M2,5",2.2155,0.55,0.45136538027533285,0.0986346197246672,2023-02-25
2648399_1,2023-02-25 16:15:00,Cádiz,Rayo Vallecano,"H/D&P1,5",2.2155,0.55,0.45136538027533285,0.0986346197246672,2023-02-25
2672338_1,2023-02-25 21:00:00,NEC Nijmegen,FC Volendam,"D/A&M4,5",2.2155,0.55,0.45136538027533285,0.0986346197246672,2023-02-25
2674987_1,2023-02-25 17:30:00,Bnei Sakhnin,Hapoel Kiryat Shmona,"H/A&M2,5",2.4779999999999998,0.5,0.4035512510088782,0.09644874899112182,2023-02-25
2659566_1,2023-02-25 13:00:00,Kaiserslautern,SpVgg Greuther Furth,H,2.4675000000000002,0.5,0.40526849037487334,0.09473150962512666,2023-02-25
2659758_1,2023-02-25 15:30:00,Hertha BSC,Augsbourg,"H/D&P2,5",2.457,0.5,0.407000407000407,0.09299959299959298,2023-02-25
2648402_1,2023-02-25 14:00:00,Espanyol,Majorque,"H/A&M2,5",2.184,0.55,0.45787545787545786,0.09212454212454219,2023-02-25
2673346_1,2023-02-25 19:00:00,Metz,Nimes,"H/D&M2,5",1.9635000000000002,0.6,0.5092946269416857,0.09070537305831428,2023-02-25
2648399_1,2023-02-25 16:15:00,Cádiz,Rayo Vallecano,"D/A&M2,5",1.9635000000000002,0.6,0.5092946269416857,0.09070537305831428,2023-02-25
2634428_1,2023-02-25 17:00:00,Angers,Lyon,"D/A&P2,5",2.1734999999999998,0.55,0.4600874166091558,0.08991258339084424,2023-02-25
2652893_1,2023-02-25 13:30:00,Sepsi Sfantu Gheorghe,Hermannstadt,"D/A&M4,5",1.785,0.6499999999999999,0.5602240896358543,0.08977591036414556,2023-02-25
2662518_1,2023-02-25 19:30:00,Olympiakos,Panathinaikos,"H/A&M2,5",2.1630000000000003,0.55,0.46232085067036516,0.08767914932963489,2023-02-25
2667337_1,2023-02-25 16:00:00,QPR,Blackburn,"H/A&P2,5",2.1630000000000003,0.55,0.46232085067036516,0.08767914932963489,2023-02-25
2652906_1,2023-02-25 19:00:00,Rapid Bucuresti,Chindia Targoviste,H,1.7745,0.65,0.5635390250774867,0.08646097492251337,2023-02-25
2649167_1,2023-02-25 20:45:00,Lecce,Sassuolo,"H/D&M3,5",1.7745,0.6499999999999999,0.5635390250774867,0.08646097492251326,2023-02-25
2659567_1,2023-02-25 13:00:00,Holstein Kiel,Paderborn,"H/D&M4,5",1.7745,0.6499999999999999,0.5635390250774867,0.08646097492251326,2023-02-25
2674990_1,2023-02-25 14:00:00,Hapoel Tel Aviv,Moadon Sport Ashdod,"D/A&P1,5",2.1525,0.55,0.4645760743321719,0.08542392566782814,2023-02-25
2672492_1,2023-02-25 16:00:00,Kilmarnock,Motherwell,H,2.4045,0.5,0.41588687876897484,0.08411312123102516,2023-02-25
2652899_1,2023-02-25 16:00:00,Universitatea Cluj,FC Botosani,"D/A&M3,5",1.9320000000000002,0.6,0.5175983436853001,0.08240165631469987,2023-02-25
2659570_1,2023-02-25 20:30:00,Darmstadt,Hamburg SV,"H/D&M3,5",2.1315,0.55,0.46915317851278443,0.08084682148721561,2023-02-25
2666566_1,2023-02-25 21:30:00,Vizela,Benfica,"D/A&M2,5",2.3835,0.5,0.4195510803440319,0.08044891965596812,2023-02-25
2674986_1,2023-02-25 16:30:00,Sektzia Nes Tziona,Maccabi Tel-Aviv,"D/A&M2,5",2.121,0.55,0.47147571900047147,0.07852428099952857,2023-02-25
2673541_1,2023-02-25 13:30:00,Coventry City,Sunderland,"D/A&P1,5",2.121,0.55,0.47147571900047147,0.07852428099952857,2023-02-25
2652893_1,2023-02-25 13:30:00,Sepsi Sfantu Gheorghe,Hermannstadt,"D/A&M3,5",2.121,0.55,0.47147571900047147,0.07852428099952857,2023-02-25
2673346_1,2023-02-25 19:00:00,Metz,Nimes,"D/A&M3,5",2.3625000000000003,0.5,0.42328042328042326,0.07671957671957674,2023-02-25
2662621_1,2023-02-25 18:15:00,Eupen,Cercle Brugge KSV,"H/A&M3,5",1.7429999999999999,0.6499999999999999,0.5737234652897304,0.07627653471026952,2023-02-25
2662661_1,2023-02-25 20:45:00,KVC Westerlo,Union St.-Gilloise,"H/D&P1,5",2.1105,0.55,0.4738213693437574,0.07617863065624264,2023-02-25
2659567_1,2023-02-25 13:00:00,Holstein Kiel,Paderborn,"H/D&M3,5",2.3520000000000003,0.5,0.4251700680272108,0.0748299319727892,2023-02-25
2672077_1,2023-02-25 18:45:00,Heerenveen,RKC Waalwijk,"H/A&P2,5",1.9005,0.6,0.5261773217574323,0.07382267824256772,2023-02-25
2659745_1,2023-02-25 18:30:00,Schalke 04,Stuttgart,"H/A&P1,5",1.7325,0.6499999999999999,0.5772005772005773,0.07279942279942264,2023-02-25
2649155_1,2023-02-25 14:00:00,Ternana,Cittadella,H,2.3310000000000004,0.5,0.42900042900042895,0.07099957099957105,2023-02-25
2674990_1,2023-02-25 14:00:00,Hapoel Tel Aviv,Moadon Sport Ashdod,"D/A&M2,5",2.3310000000000004,0.5,0.42900042900042895,0.07099957099957105,2023-02-25
2673350_1,2023-02-25 19:00:00,Paris FC,Niort,D/A,1.8900000000000001,0.6000000000000001,0.5291005291005291,0.07089947089947102,2023-02-25
2667338_1,2023-02-25 16:00:00,Bristol City,Hull City,"H/D&M2,5",2.079,0.55,0.481000481000481,0.06899951899951906,2023-02-25
2634373_1,2023-02-25 16:00:00,Leicester,Arsenal,"H/A&M3,5",1.8795000000000002,0.6,0.5320563979781856,0.06794360202181438,2023-02-25
2674987_1,2023-02-25 17:30:00,Bnei Sakhnin,Hapoel Kiryat Shmona,"D/A&M3,5",1.8795000000000002,0.6,0.5320563979781856,0.06794360202181438,2023-02-25
2634376_1,2023-02-25 16:00:00,West Ham,Nottingham Forest,D/A,2.0685000000000002,0.55,0.48344210780759,0.06655789219241004,2023-02-25
2667344_1,2023-02-25 16:00:00,Norwich City,Cardiff City,"D/A&M3,5",2.2995,0.5,0.4348771472059143,0.0651228527940857,2023-02-25
2634362_1,2023-02-25 18:30:00,Bournemouth,Manchester City,"H/A&M3,5",1.8690000000000002,0.6,0.5350454788657035,0.06495452113429645,2023-02-25
2649160_1,2023-02-25 14:00:00,Suditrol,Palermo,"H/D&P1,5",1.8690000000000002,0.6,0.5350454788657035,0.06495452113429645,2023-02-25
2627796_1,2023-02-25 18:30:00,Real Madrid,Atletico Madrid,D/A,2.058,0.55,0.4859086491739553,0.06409135082604472,2023-02-25
2674992_1,2023-02-25 18:00:00,Maccabi Netanya,Hapoel Hadera,D/A,2.0475,0.55,0.48840048840048844,0.0615995115995116,2023-02-25
2673351_1,2023-02-25 19:00:00,Guingamp,Caen,"D/A&P1,5",2.0475,0.55,0.48840048840048844,0.0615995115995116,2023-02-25
2672492_1,2023-02-25 16:00:00,Kilmarnock,Motherwell,"H/A&P2,5",2.2680000000000002,0.5,0.4409171075837742,0.059082892416225774,2023-02-25
2674987_1,2023-02-25 17:30:00,Bnei Sakhnin,Hapoel Kiryat Shmona,"H/D&M2,5",2.037,0.55,0.4909180166912126,0.059081983308787445,2023-02-25
2634376_1,2023-02-25 16:00:00,West Ham,Nottingham Forest,"H/A&P1,5",1.6905000000000001,0.65,0.5915409642117716,0.05845903578822842,2023-02-25
2634370_1,2023-02-25 16:00:00,Leeds United,Southampton,"H/A&P1,5",1.6905000000000001,0.6499999999999999,0.5915409642117716,0.05845903578822831,2023-02-25
2634415_1,2023-02-25 21:00:00,Montpellier,Lens,H/D,2.0265,0.55,0.4934616333580064,0.05653836664199363,2023-02-25
2672298_1,2023-02-25 16:00:00,St Johnstone,St Mirren,"H/A&P1,5",1.8375000000000001,0.6,0.5442176870748299,0.05578231292517011,2023-02-25
2659759_1,2023-02-25 15:30:00,RB Leipzig,Eintracht Frankfurt,"D/A&M4,5",2.2470000000000003,0.5,0.4450378282153982,0.05496217178460178,2023-02-25
2666566_1,2023-02-25 21:30:00,Vizela,Benfica,"D/A&M3,5",1.6800000000000002,0.65,0.5952380952380952,0.05476190476190479,2023-02-25
2659567_1,2023-02-25 13:00:00,Holstein Kiel,Paderborn,"H/A&M3,5",2.016,0.55,0.49603174603174605,0.053968253968254,2023-02-25
2672361_1,2023-02-25 15:00:00,Grenoble,Le Havre,"H/D&M2,5",2.016,0.55,0.49603174603174605,0.053968253968254,2023-02-25
2667344_1,2023-02-25 16:00:00,Norwich City,Cardiff City,D/A,2.016,0.55,0.49603174603174605,0.053968253968254,2023-02-25
2633672_1,2023-02-25 20:30:00,FC Zürich,Young Boys,"H/D&M3,5",2.2365,0.5,0.447127207690588,0.052872792309412,2023-02-25
2634373_1,2023-02-25 16:00:00,Leicester,Arsenal,"D/A&M3,5",1.827,0.6,0.5473453749315819,0.052654625068418115,2023-02-25
2627796_1,2023-02-25 18:30:00,Real Madrid,Atletico Madrid,"D/A&M4,5",2.0055,0.55,0.4986287708800798,0.05137122911992026,2023-02-25
2662621_1,2023-02-25 18:15:00,Eupen,Cercle Brugge KSV,H/D,1.6695000000000002,0.6499999999999999,0.5989817310572026,0.05101826894279726,2023-02-25
2659751_1,2023-02-25 15:30:00,Werder Breme,Bochum,"H/D&P2,5",2.2260000000000004,0.5,0.44923629829290196,0.05076370170709804,2023-02-25
2667339_1,2023-02-25 16:00:00,Preston N. End,Wigan Athletic,"D/A&P1,5",2.2260000000000004,0.5,0.44923629829290196,0.05076370170709804,2023-02-25
